id (L_var=3.5e-07) X,id (L_var=3.5e-07) Y,id (L_var=4.5e-07) X,id (L_var=4.5e-07) Y,id (L_var=5.5e-07) X,id (L_var=5.5e-07) Y,id (L_var=6.5e-07) X,id (L_var=6.5e-07) Y,id (L_var=7.5e-07) X,id (L_var=7.5e-07) Y,id (L_var=8.5e-07) X,id (L_var=8.5e-07) Y,id (L_var=9.5e-07) X,id (L_var=9.5e-07) Y,id (L_var=1.05e-06) X,id (L_var=1.05e-06) Y,id (L_var=1.15e-06) X,id (L_var=1.15e-06) Y,id (L_var=1.25e-06) X,id (L_var=1.25e-06) Y,id (L_var=1.35e-06) X,id (L_var=1.35e-06) Y,id (L_var=1.45e-06) X,id (L_var=1.45e-06) Y,id (L_var=1.55e-06) X,id (L_var=1.55e-06) Y,id (L_var=1.65e-06) X,id (L_var=1.65e-06) Y,id (L_var=1.75e-06) X,id (L_var=1.75e-06) Y,id (L_var=1.85e-06) X,id (L_var=1.85e-06) Y,id (L_var=1.95e-06) X,id (L_var=1.95e-06) Y,id (L_var=2.05e-06) X,id (L_var=2.05e-06) Y,id (L_var=2.15e-06) X,id (L_var=2.15e-06) Y,id (L_var=2.25e-06) X,id (L_var=2.25e-06) Y,id (L_var=2.35e-06) X,id (L_var=2.35e-06) Y,id (L_var=2.45e-06) X,id (L_var=2.45e-06) Y,id (L_var=2.55e-06) X,id (L_var=2.55e-06) Y,id (L_var=2.65e-06) X,id (L_var=2.65e-06) Y,id (L_var=2.75e-06) X,id (L_var=2.75e-06) Y,id (L_var=2.85e-06) X,id (L_var=2.85e-06) Y,id (L_var=2.95e-06) X,id (L_var=2.95e-06) Y,id (L_var=3.05e-06) X,id (L_var=3.05e-06) Y,id (L_var=3.15e-06) X,id (L_var=3.15e-06) Y,id (L_var=3.25e-06) X,id (L_var=3.25e-06) Y,id (L_var=3.35e-06) X,id (L_var=3.35e-06) Y,id (L_var=3.45e-06) X,id (L_var=3.45e-06) Y,id (L_var=3.55e-06) X,id (L_var=3.55e-06) Y
0,0,0,0,0,0,0,0,0,0,0,0,0,0,0,0,0,0,0,0,0,0,0,0,0,0,0,0,0,0,0,0,0,0,0,0,0,0,0,0,0,0,0,0,0,0,0,0,0,0,0,0,0,0,0,0,0,0,0,0,0,0,0,0,0,0
0.04081633,7.099146872013295e-13,0.04081633,6.005934299719029e-13,0.04081633,6.283883200790926e-13,0.04081633,6.726682574857772e-13,0.04081633,7.092451525569371e-13,0.04081633,7.34297874464036e-13,0.04081633,7.491478473443244e-13,0.04081633,7.560216290403563e-13,0.04081633,7.569299419326918e-13,0.04081633,7.534631792561332e-13,0.04081633,7.468276932442358e-13,0.04081633,7.379263917256883e-13,0.04081633,7.274328803703079e-13,0.04081633,7.158498145228233e-13,0.04081633,7.035526789465289e-13,0.04081633,6.908221503649606e-13,0.04081633,6.778679568869379e-13,0.04081633,6.648465081404743e-13,0.04081633,6.518739784346121e-13,0.04081633,6.390360652018308e-13,0.04081633,6.263953064333447e-13,0.04081633,6.139965966342063e-13,0.04081633,6.018713657886606e-13,0.04081633,5.900407603533123e-13,0.04081633,5.785180750980105e-13,0.04081633,5.673106194710004e-13,0.04081633,5.564211548834506e-13,0.04081633,5.458490047816739e-13,0.04081633,5.355909140214457e-13,0.04081633,5.256417153312472e-13,0.04081633,5.159948467342241e-13,0.04081633,5.066427534015943e-13,0.04081633,4.975771995978321e-13
0.08163265,2.974422290527481e-12,0.08163265,2.501335337949728e-12,0.08163265,2.606065942201726e-12,0.08163265,2.780962014023844e-12,0.08163265,2.925063601942499e-12,0.08163265,3.02251264889918e-12,0.08163265,3.078736302026059e-12,0.08163265,3.102853793613901e-12,0.08163265,3.103068678777088e-12,0.08163265,3.085845530835596e-12,0.08163265,3.056070376246608e-12,0.08163265,3.017387412971201e-12,0.08163265,2.972505811311673e-12,0.08163265,2.923439901396616e-12,0.08163265,2.871688674462579e-12,0.08163265,2.818368037388791e-12,0.08163265,2.764308032759491e-12,0.08163265,2.71012448218268e-12,0.08163265,2.656272016150102e-12,0.08163265,2.603083530496107e-12,0.08163265,2.550799702075531e-12,0.08163265,2.499591185278977e-12,0.08163265,2.44957538867003e-12,0.08163265,2.400829214771177e-12,0.08163265,2.353398775816581e-12,0.08163265,2.307306831594584e-12,0.08163265,2.262558502323235e-12,0.08163265,2.219145668742824e-12,0.08163265,2.177050368449317e-12,0.08163265,2.136247421429142e-12,0.08163265,2.096706461335197e-12,0.08163265,2.058393506967383e-12,0.08163265,2.021272176855003e-12
0.122449,1.105822767341885e-11,0.122449,9.261275354746454e-12,0.122449,9.622323507910621e-12,0.122449,1.024802649975444e-11,0.122449,1.076357532103869e-11,0.122449,1.110997106874418e-11,0.122449,1.130681751386094e-11,0.122449,1.138732853876616e-11,0.122449,1.138138285204089e-11,0.122449,1.131250719839649e-11,0.122449,1.119846552720489e-11,0.122449,1.105249138825012e-11,0.122449,1.08844097020065e-11,0.122449,1.070151441730758e-11,0.122449,1.050922406206149e-11,0.122449,1.031156446320752e-11,0.122449,1.011152335367942e-11,0.122449,9.911311486686385e-12,0.122449,9.712555743630286e-12,0.122449,9.516442679622226e-12,0.122449,9.323825796237322e-12,0.122449,9.135306128298613e-12,0.122449,8.951293086153228e-12,0.122449,8.772050604781862e-12,0.122449,8.597732296260052e-12,0.122449,8.428408326557411e-12,0.122449,8.264086031577026e-12,0.122449,8.104725773127804e-12,0.122449,7.950253158995881e-12,0.122449,7.800568473855054e-12,0.122449,7.655553962137795e-12,0.122449,7.515079450742186e-12,0.122449,7.379006684606272e-12
0.1632653,4.028159197100455e-11,0.1632653,3.3605298433952e-11,0.1632653,3.48211498114314e-11,0.1632653,3.701481178227948e-11,0.1632653,3.882334155715856e-11,0.1632653,4.003139595310397e-11,0.1632653,4.070795295525821e-11,0.1632653,4.097127227104605e-11,0.1632653,4.092785367113169e-11,0.1632653,4.066156119589984e-11,0.1632653,4.023569759781131e-11,0.1632653,3.969739347088657e-11,0.1632653,3.908160926240535e-11,0.1632653,3.841426957623048e-11,0.1632653,3.771460587224594e-11,0.1632653,3.699688213531484e-11,0.1632653,3.627166259961573e-11,0.1632653,3.554674501260855e-11,0.1632653,3.482785051469443e-11,0.1632653,3.411913613080847e-11,0.1632653,3.342357746512291e-11,0.1632653,3.274325594290407e-11,0.1632653,3.207957546820728e-11,0.1632653,3.143342659055287e-11,0.1632653,3.080531141594525e-11,0.1632653,3.019543899951192e-11,0.1632653,2.960379842576141e-11,0.1632653,2.90302149398454e-11,0.1632653,2.847439314465042e-11,0.1632653,2.793595028533734e-11,0.1632653,2.741444190755957e-11,0.1632653,2.690938162764148e-11,0.1632653,2.642025634275311e-11
0.2040816,1.456206486391231e-10,0.2040816,1.210159598058007e-10,0.2040816,1.250283179247537e-10,0.2040816,1.326210460340394e-10,0.2040816,1.388821714079935e-10,0.2040816,1.430335962442116e-10,0.2040816,1.453157055627375e-10,0.2040816,1.461454012776388e-10,0.2040816,1.458985170289513e-10,0.2040816,1.448710424690951e-10,0.2040816,1.43286340901973e-10,0.2040816,1.413106089052659e-10,0.2040816,1.390670045779285e-10,0.2040816,1.366467298461678e-10,0.2040816,1.341173230969741e-10,0.2040816,1.31528771637319e-10,0.2040816,1.289180029652402e-10,0.2040816,1.263121904829616e-10,0.2040816,1.237311958803898e-10,0.2040816,1.211893821522657e-10,0.2040816,1.186969661763212e-10,0.2040816,1.162610328370939e-10,0.2040816,1.138862990404799e-10,0.2040816,1.115756918828103e-10,0.2040816,1.093307879629442e-10,0.2040816,1.071521483858323e-10,0.2040816,1.050395750052085e-10,0.2040816,1.029923069047469e-10,0.2040816,1.010091713267067e-10,0.2040816,9.9088699732268e-11,0.2040816,9.722921706930577e-11,0.2040816,9.542891038191445e-11,0.2040816,9.368588144336045e-11
0.244898,5.232143593333583e-10,0.244898,4.331080677764521e-10,0.244898,4.459620920199132e-10,0.244898,4.718063341116631e-10,0.244898,4.930911568832683e-10,0.244898,5.070403770259649e-10,0.244898,5.144894245815036e-10,0.244898,5.168963360020117e-10,0.244898,5.155751623455433e-10,0.244898,5.115601060095019e-10,0.244898,5.056308828066944e-10,0.244898,4.983668858774164e-10,0.244898,4.901967078557726e-10,0.244898,4.814370218700613e-10,0.244898,4.723216961087468e-10,0.244898,4.630232597027883e-10,0.244898,4.536686716481149e-10,0.244898,4.443509194130132e-10,0.244898,4.351375795821305e-10,0.244898,4.260771642247915e-10,0.244898,4.172038483068279e-10,0.244898,4.085410081712782e-10,0.244898,4.00103882458153e-10,0.244898,3.919015818214048e-10,0.244898,3.839386128034955e-10,0.244898,3.762160373155054e-10,0.244898,3.68732357420105e-10,0.244898,3.614841920341052e-10,0.244898,3.544667953022929e-10,0.244898,3.476744539992391e-10,0.244898,3.411007921521733e-10,0.244898,3.347390042703368e-10,0.244898,3.285820334753262e-10
0.2857143,1.864413895028892e-09,0.2857143,1.537124370488012e-09,0.2857143,1.57616363723702e-09,0.2857143,1.661701875702994e-09,0.2857143,1.731829401012731e-09,0.2857143,1.776841000095264e-09,0.2857143,1.799645141718583e-09,0.2857143,1.805289637360671e-09,0.2857143,1.798308732762074e-09,0.2857143,1.782261613238263e-09,0.2857143,1.759824590882474e-09,0.2857143,1.732980453691307e-09,0.2857143,1.703190787936168e-09,0.2857143,1.671531080814684e-09,0.2857143,1.638791797950382e-09,0.2857143,1.605552826084282e-09,0.2857143,1.572238077652194e-09,0.2857143,1.539155578370013e-09,0.2857143,1.50652698863775e-09,0.2857143,1.474509433923017e-09,0.2857143,1.443211721669453e-09,0.2857143,1.412706444176048e-09,0.2857143,1.383039051732185e-09,0.2857143,1.354234682932581e-09,0.2857143,1.32630332593611e-09,0.2857143,1.299243731180126e-09,0.2857143,1.273046385435654e-09,0.2857143,1.24769577682292e-09,0.2857143,1.223172121873964e-09,0.2857143,1.199452682793792e-09,0.2857143,1.17651277140706e-09,0.2857143,1.154326512795239e-09,0.2857143,1.13286742411194e-09
0.3265306,6.554547362097123e-09,0.3265306,5.381120064542424e-09,0.3265306,5.487514549157244e-09,0.3265306,5.756890846908642e-09,0.3265306,5.975357623753172e-09,0.3265306,6.110089735173005e-09,0.3265306,6.171225364470489e-09,0.3265306,6.175937362204253e-09,0.3265306,6.139520600749242e-09,0.3265306,6.073906668430239e-09,0.3265306,5.988016053762222e-09,0.3265306,5.888418009129549e-09,0.3265306,5.77992298334747e-09,0.3265306,5.666044378053167e-09,0.3265306,5.549342626069441e-09,0.3265306,5.431677667199916e-09,0.3265306,5.314393432040476e-09,0.3265306,5.19845272441576e-09,0.3265306,5.084536118255993e-09,0.3265306,4.973114752732254e-09,0.3265306,4.864504148010852e-09,0.3265306,4.758904166439827e-09,0.3265306,4.656428812656269e-09,0.3265306,4.5571285436624e-09,0.3265306,4.46100702916825e-09,0.3265306,4.368033778839876e-09,0.3265306,4.278153676364506e-09,0.3265306,4.191294187892976e-09,0.3265306,4.107370814488322e-09,0.3265306,4.026291213579756e-09,0.3265306,3.947958308122435e-09,0.3265306,3.872272623614332e-09,0.3265306,3.79913403475711e-09
0.3673469,2.252924195733069e-08,0.3673469,1.841209171800952e-08,0.3673469,1.863531034936846e-08,0.3673469,1.941258383933043e-08,0.3673469,2.002932517618863e-08,0.3673469,2.037975341544427e-08,0.3673469,2.049867801968021e-08,0.3673469,2.044254221071458e-08,0.3673469,2.026086156633076e-08,0.3673469,1.999183505633858e-08,0.3673469,1.966373041867362e-08,0.3673469,1.929714739962338e-08,0.3673469,1.890700051397378e-08,0.3673469,1.850404619128058e-08,0.3673469,1.809601115520718e-08,0.3673469,1.768841428376529e-08,0.3673469,1.728516284550216e-08,0.3673469,1.688898528783988e-08,0.3673469,1.650174622683648e-08,0.3673469,1.61246765507967e-08,0.3673469,1.575854220548373e-08,0.3673469,1.54037685144713e-08,0.3673469,1.506053210664479e-08,0.3673469,1.472882912753378e-08,0.3673469,1.440852599875005e-08,0.3673469,1.409939727117575e-08,0.3673469,1.380115388833674e-08,0.3673469,1.351346429281934e-08,0.3673469,1.323597017020187e-08,0.3673469,1.296829816103055e-08,0.3673469,1.271006853238684e-08,0.3673469,1.246090155144251e-08,0.3673469,1.222042211930517e-08
0.4081633,7.471630488150104e-08,0.4081633,6.076302885346673e-08,0.4081633,6.088554843678475e-08,0.4081633,6.282112779921422e-08,0.4081633,6.429596388450478e-08,0.4081633,6.498743000839179e-08,0.4081633,6.500778652308624e-08,0.4081633,6.45308315051854e-08,0.4081633,6.370610002068112e-08,0.4081633,6.264718323296097e-08,0.4081633,6.143691349247528e-08,0.4081633,6.01347366868694e-08,0.4081633,5.878297606204932e-08,0.4081633,5.741157871402599e-08,0.4081633,5.604158051280347e-08,0.4081633,5.468760304072439e-08,0.4081633,5.335964666408371e-08,0.4081633,5.206437892575643e-08,0.4081633,5.080606265976144e-08,0.4081633,4.958722687077946e-08,0.4081633,4.84091534821411e-08,0.4081633,4.727223177054204e-08,0.4081633,4.617621728818791e-08,0.4081633,4.512042150156026e-08,0.4081633,4.410385092683801e-08,0.4081633,4.312530927781458e-08,0.4081633,4.218347240634595e-08,0.4081633,4.127694315087486e-08,0.4081633,4.040429129770173e-08,0.4081633,3.956408248167502e-08,0.4081633,3.875489885335028e-08,0.4081633,3.797535361049837e-08,0.4081633,3.722410095706709e-08
0.4489796,2.355298931268987e-07,0.4489796,1.905772336081391e-07,0.4489796,1.886742270829357e-07,0.4489796,1.924691485438364e-07,0.4489796,1.951402547986184e-07,0.4489796,1.957395529596267e-07,0.4489796,1.945846025010572e-07,0.4489796,1.921609138113567e-07,0.4489796,1.888798789758999e-07,0.4489796,1.850492217001956e-07,0.4489796,1.808896776206816e-07,0.4489796,1.765567707218184e-07,0.4489796,1.721588868048001e-07,0.4489796,1.677707753477943e-07,0.4489796,1.634432916797272e-07,0.4489796,1.592103412004097e-07,0.4489796,1.550938120443821e-07,0.4489796,1.511070800237545e-07,0.4489796,1.47257504265704e-07,0.4489796,1.435482091726974e-07,0.4489796,1.399793605015019e-07,0.4489796,1.365490815345143e-07,0.4489796,1.332541120962283e-07,0.4489796,1.300902830046778e-07,0.4489796,1.270528574718825e-07,0.4489796,1.241367761957097e-07,0.4489796,1.213368324878407e-07,0.4489796,1.186477964264222e-07,0.4489796,1.160645017891771e-07,0.4489796,1.135819057796978e-07,0.4489796,1.111951288664861e-07,0.4489796,1.088994801065401e-07,0.4489796,1.066904719085208e-07
0.4897959,6.979327508578373e-07,0.4897959,5.621232890420968e-07,0.4897959,5.495465638341667e-07,0.4897959,5.540067402331704e-07,0.4897959,5.5623903803975e-07,0.4897959,5.535371089977343e-07,0.4897959,5.466869705236591e-07,0.4897959,5.369295240733082e-07,0.4897959,5.253067766146093e-07,0.4897959,5.12586075104221e-07,0.4897959,4.993070004279865e-07,0.4897959,4.858405248858438e-07,0.4897959,4.7243742332599e-07,0.4897959,4.592640126998493e-07,0.4897959,4.464276365949753e-07,0.4897959,4.339946083094173e-07,0.4897959,4.220027917279563e-07,0.4897959,4.104704179420358e-07,0.4897959,3.994022703385299e-07,0.4897959,3.887940301434994e-07,0.4897959,3.786353334013451e-07,0.4897959,3.689119224878418e-07,0.4897959,3.596071590468121e-07,0.4897959,3.507030849222477e-07,0.4897959,3.421811620690355e-07,0.4897959,3.340227838325422e-07,0.4897959,3.262096230793662e-07,0.4897959,3.18723863807124e-07,0.4897959,3.115483495802026e-07,0.4897959,3.046666727328623e-07,0.4897959,2.980632215849213e-07,0.4897959,2.91723198122723e-07,0.4897959,2.856326151528255e-07
0.5306122,1.929898426698123e-06,0.5306122,1.548712703777821e-06,0.5306122,1.494089167507256e-06,0.5306122,1.48657510191623e-06,0.5306122,1.475736406424169e-06,0.5306122,1.454534793225687e-06,0.5306122,1.424846376254685e-06,0.5306122,1.389628445428536e-06,0.5306122,1.351297312087171e-06,0.5306122,1.311571223318766e-06,0.5306122,1.271608243920465e-06,0.5306122,1.23216391707936e-06,0.5306122,1.193715401267533e-06,0.5306122,1.156550436993226e-06,0.5306122,1.120829088391738e-06,0.5306122,1.086626080997725e-06,0.5306122,1.053959706082876e-06,0.5306122,1.022811522887576e-06,0.5306122,9.931397766629974e-07,0.5306122,9.648885239522883e-07,0.5306122,9.379938201372951e-07,0.5306122,9.123878918146621e-07,0.5306122,8.880019237190546e-07,0.5306122,8.647678915529168e-07,0.5306122,8.426197373851203e-07,0.5306122,8.214940924687067e-07,0.5306122,8.013306894628199e-07,0.5306122,7.820725627852379e-07,0.5306122,7.636661059077953e-07,0.5306122,7.460610336223213e-07,0.5306122,7.292102827957098e-07,0.5306122,7.130698749665999e-07,0.5306122,6.975987569888494e-07
0.5714286,4.893840482490325e-06,0.5714286,3.916759122436011e-06,0.5714286,3.716333210724059e-06,0.5714286,3.634522735337792e-06,0.5714286,3.55364086156512e-06,0.5714286,3.4575345920574e-06,0.5714286,3.349917612668178e-06,0.5714286,3.236572176590458e-06,0.5714286,3.121950732148569e-06,0.5714286,3.008982696968385e-06,0.5714286,2.89945037476308e-06,0.5714286,2.794358372112708e-06,0.5714286,2.694205058473869e-06,0.5714286,2.599166882033499e-06,0.5714286,2.509220075835033e-06,0.5714286,2.424220090058991e-06,0.5714286,2.34395308005357e-06,0.5714286,2.26816905428604e-06,0.5714286,2.196603010322249e-06,0.5714286,2.128988207423897e-06,0.5714286,2.065064294962604e-06,0.5714286,2.004582082128445e-06,0.5714286,1.947306124156247e-06,0.5714286,1.893015900395622e-06,0.5714286,1.84150609655205e-06,0.5714286,1.792586329770751e-06,0.5714286,1.746080540127427e-06,0.5714286,1.701826195519129e-06,0.5714286,1.659673405874281e-06,0.5714286,1.619484008473221e-06,0.5714286,1.581130663361442e-06,0.5714286,1.544495982613171e-06,0.5714286,1.509471707086232e-06
0.6122449,1.10498284354004e-05,0.6122449,8.828252962651827e-06,0.6122449,8.210233337800509e-06,0.6122449,7.865463713981557e-06,0.6122449,7.554638215725603e-06,0.6122449,7.242111572782968e-06,0.6122449,6.930714814020416e-06,0.6122449,6.627372174134641e-06,0.6122449,6.336963343099398e-06,0.6122449,6.062079925807387e-06,0.6122449,5.803710164208507e-06,0.6122449,5.561854995397833e-06,0.6122449,5.335950286730394e-06,0.6122449,5.125133888685768e-06,0.6122449,4.928408647184716e-06,0.6122449,4.744739362802122e-06,0.6122449,4.573108677129168e-06,0.6122449,4.412547696566457e-06,0.6122449,4.262151231649252e-06,0.6122449,4.121083795443474e-06,0.6122449,3.988580172388432e-06,0.6122449,3.863942914475515e-06,0.6122449,3.746538213803572e-06,0.6122449,3.635791033311e-06,0.6122449,3.531180023039925e-06,0.6122449,3.432232528147269e-06,0.6122449,3.338519857516307e-06,0.6122449,3.249652897187036e-06,0.6122449,3.165278101412016e-06,0.6122449,3.085073863658484e-06,0.6122449,3.008747252506448e-06,0.6122449,2.936031088203782e-06,0.6122449,2.866681331485788e-06
0.6530612,2.18278858975889e-05,0.6530612,1.742779895090752e-05,0.6530612,1.588882778645907e-05,0.6530612,1.491851287001483e-05,0.6530612,1.40882273226903e-05,0.6530612,1.332027998921781e-05,0.6530612,1.260468355152587e-05,0.6530612,1.194134141395391e-05,0.6530612,1.132948582613236e-05,0.6530612,1.076673009613113e-05,0.6530612,1.024967916209735e-05,0.6530612,9.774526164624213e-06,0.6530612,9.337432089352978e-06,0.6530612,8.934733525444881e-06,0.6530612,8.563042075536027e-06,0.6530612,8.219280860194648e-06,0.6530612,7.900686391428166e-06,0.6530612,7.604792547015551e-06,0.6530612,7.32940628294657e-06,0.6530612,7.072580496737771e-06,0.6530612,6.832586975248615e-06,0.6530612,6.607890921951538e-06,0.6530612,6.3971277355515e-06,0.6530612,6.199082251419582e-06,0.6530612,6.012670409287071e-06,0.6530612,5.836923185989836e-06,0.6530612,5.67097257796177e-06,0.6530612,5.514039403452987e-06,0.6530612,5.365422700786171e-06,0.6530612,5.224490515682945e-06,0.6530612,5.090671891720237e-06,0.6530612,4.963449899905751e-06,0.6530612,4.842355564413086e-06
0.6938776,3.799327183207303e-05,0.6938776,3.034658632139849e-05,0.6938776,2.721122980122266e-05,0.6938776,2.512679373702189e-05,0.6938776,2.34018842424472e-05,0.6938776,2.188104302632336e-05,0.6938776,2.051992475740476e-05,0.6938776,1.929716297127039e-05,0.6938776,1.819647970470472e-05,0.6938776,1.720347402631503e-05,0.6938776,1.630522456989516e-05,0.6938776,1.549027745253041e-05,0.6938776,1.474859913475678e-05,0.6938776,1.407146768322436e-05,0.6938776,1.345133238471011e-05,0.6938776,1.288166657045603e-05,0.6938776,1.235682766226031e-05,0.6938776,1.187193084022295e-05,0.6938776,1.142273836005971e-05,0.6938776,1.100556428101982e-05,0.6938776,1.061719331348973e-05,0.6938776,1.025481210452911e-05,0.6938776,9.915951230101442e-06,0.6938776,9.598436276471044e-06,0.6938776,9.300346573689144e-06,0.6938776,9.01998034095273e-06,0.6938776,8.755825192201268e-06,0.6938776,8.50653311978101e-06,0.6938776,8.270899220961209e-06,0.6938776,8.047843556783881e-06,0.6938776,7.836395637126241e-06,0.6938776,7.635681112540801e-06,0.6938776,7.444910325051194e-06
0.7346939,5.956459761056717e-05,0.7346939,4.763434469174432e-05,0.7346939,4.218323161883654e-05,0.7346939,3.846425057314389e-05,0.7346939,3.545259903112441e-05,0.7346939,3.28735247549882e-05,0.7346939,3.062264324166684e-05,0.7346939,2.864073846968177e-05,0.7346939,2.688490159906921e-05,0.7346939,2.532100119894353e-05,0.7346939,2.392107478601924e-05,0.7346939,2.266197775705408e-05,0.7346939,2.152445052914806e-05,0.7346939,2.049239565395618e-05,0.7346939,1.955229902776151e-05,0.7346939,1.869276311995319e-05,0.7346939,1.790413006212151e-05,0.7346939,1.717817707747918e-05,0.7346939,1.650787001464616e-05,0.7346939,1.588716344929015e-05,0.7346939,1.531083807423943e-05,0.7346939,1.477436796042142e-05,0.7346939,1.427381178279638e-05,0.7346939,1.380572331842098e-05,0.7346939,1.336707748897108e-05,0.7346939,1.295520898412343e-05,0.7346939,1.256776110539887e-05,0.7346939,1.220264294573293e-05,0.7346939,1.185799339530284e-05,0.7346939,1.153215076055923e-05,0.7346939,1.122362701806302e-05,0.7346939,1.093108591096641e-05,0.7346939,1.06533242442605e-05
0.7755102,8.616270316025217e-05,0.7755102,6.902628717338498e-05,0.7755102,6.058765414764177e-05,0.7755102,5.474579306832637e-05,0.7755102,5.008053583198999e-05,0.7755102,4.615828656347738e-05,0.7755102,4.278999574104344e-05,0.7755102,3.986283332343339e-05,0.7755102,3.72967823740435e-05,0.7755102,3.503076238630455e-05,0.7755102,3.301663593609415e-05,0.7755102,3.121581551095334e-05,0.7755102,2.959700815512226e-05,0.7755102,2.813459770242388e-05,0.7755102,2.680744154430924e-05,0.7755102,2.559795760036803e-05,0.7755102,2.449142213330916e-05,0.7755102,2.347542404725003e-05,0.7755102,2.253943700323349e-05,0.7755102,2.16744812230965e-05,0.7755102,2.087285420102892e-05,0.7755102,2.012791478997007e-05,0.7755102,1.943390894044687e-05,0.7755102,1.878582817110957e-05,0.7755102,1.817929393113054e-05,0.7755102,1.761046257349916e-05,0.7755102,1.707594683501717e-05,0.7755102,1.657275061325409e-05,0.7755102,1.609821451508843e-05,0.7755102,1.564997017829943e-05,0.7755102,1.522590177568797e-05,0.7755102,1.482411342900745e-05,0.7755102,1.444290150891118e-05
0.8163265,0.0001173344447948508,0.8163265,9.419375965786771e-05,0.8163265,8.217281590249307e-05,0.8163265,7.377136564588676e-05,0.8163265,6.712210064928551e-05,0.8163265,6.159844345166657e-05,0.8163265,5.690526305804005e-05,0.8163265,5.28623517883969e-05,0.8163265,4.934340035292138e-05,0.8163265,4.62540233442468e-05,0.8163265,4.352136730086371e-05,0.8163265,4.108806762374458e-05,0.8163265,3.89082923891826e-05,0.8163265,3.694498585484341e-05,0.8163265,3.516787867167164e-05,0.8163265,3.355201784067302e-05,0.8163265,3.207666175325661e-05,0.8163265,3.072443797259423e-05,0.8163265,2.948069360335749e-05,0.8163265,2.833298894187967e-05,0.8163265,2.727069907351574e-05,0.8163265,2.628469769660884e-05,0.8163265,2.536710419968077e-05,0.8163265,2.451107983350355e-05,0.8163265,2.371066230420927e-05,0.8163265,2.29606306657823e-05,0.8163265,2.225639427960222e-05,0.8163265,2.159390102067893e-05,0.8163265,2.096956097470676e-05,0.8163265,2.038018267905238e-05,0.8163265,1.982291958025346e-05,0.8163265,1.929522485829179e-05,0.8163265,1.879481313879014e-05
0.8571429,0.000152692744490029,0.8571429,0.0001228543652090879,0.8571429,0.0001067279134890204,0.8571429,9.537778955107814e-05,0.8571429,8.644679300469941e-05,0.8571429,7.908679149543669e-05,0.8571429,7.287844209980734e-05,0.8571429,6.756237664308246e-05,0.8571429,6.295804699709785e-05,0.8571429,5.893220997192573e-05,0.8571429,5.53832940297865e-05,0.8571429,5.223219632638462e-05,0.8571429,4.941630540287239e-05,0.8571429,4.688539777287238e-05,0.8571429,4.459872206902202e-05,0.8571429,4.25228759761538e-05,0.8571429,4.063023086294567e-05,0.8571429,3.889774441345759e-05,0.8571429,3.730605364015387e-05,0.8571429,3.583877387941369e-05,0.8571429,3.448195126520358e-05,0.8571429,3.322363098367428e-05,0.8571429,3.20535138394761e-05,0.8571429,3.096268085710094e-05,0.8571429,2.994337077677873e-05,0.8571429,2.898879902188963e-05,0.8571429,2.809300943768965e-05,0.8571429,2.725075211690709e-05,0.8571429,2.645738213471367e-05,0.8571429,2.57087751522801e-05,0.8571429,2.500125671270392e-05,0.8571429,2.433154271584216e-05,0.8571429,2.369668907033811e-05
0.8979592,0.0001919362408644457,0.8979592,0.0001547887748040599,0.8979592,0.0001340908396446759,0.8979592,0.0001194408364197823,0.8979592,0.0001079561587411727,0.8979592,9.854311844196153e-05,0.8979592,9.064270961427361e-05,0.8979592,8.390621921189447e-05,0.8979592,7.809190434445378e-05,0.8979592,7.302274969008667e-05,0.8979592,6.856489020779591e-05,0.8979592,6.461481772665722e-05,0.8979592,6.109110896545228e-05,0.8979592,5.792879554770121e-05,0.8979592,5.507540058594679e-05,0.8979592,5.2488078288642e-05,0.8979592,5.013150835892472e-05,0.8979592,4.797632017527748e-05,0.8979592,4.599789655294568e-05,0.8979592,4.417545422213498e-05,0.8979592,4.24913290732067e-05,0.8979592,4.093041493099984e-05,0.8979592,3.947971879848203e-05,0.8979592,3.812800539581214e-05,0.8979592,3.686551082546897e-05,0.8979592,3.568371022765174e-05,0.8979592,3.457512795321755e-05,0.8979592,3.353318147742695e-05,0.8979592,3.25520522826664e-05,0.8979592,3.162657844346456e-05,0.8979592,3.075216478703048e-05,0.8979592,2.992470737298407e-05,0.8979592,2.914052970569333e-05
0.9387755,0.0002348279137752847,0.9387755,0.0001898250986966251,0.9387755,0.0001641345068407233,0.9387755,0.0001458630592387692,0.9387755,0.0001315729763083948,0.9387755,0.000119904568222636,0.9387755,0.0001101457871982542,0.9387755,0.0001018496281601122,0.9387755,9.470696678263685e-05,0.9387755,8.849259917020998e-05,0.9387755,8.303712537281681e-05,0.9387755,7.821019593495757e-05,0.9387755,7.390970771303063e-05,0.9387755,7.005448974322592e-05,0.9387755,6.657918475334156e-05,0.9387755,6.34305762643003e-05,0.9387755,6.056489903876863e-05,0.9387755,5.794583569218629e-05,0.9387755,5.554300223087973e-05,0.9387755,5.333078823117536e-05,0.9387755,5.128745825715627e-05,0.9387755,4.939444834993888e-05,0.9387755,4.763580996045965e-05,0.9387755,4.599776655562835e-05,0.9387755,4.446835719258779e-05,0.9387755,4.303714784001467e-05,0.9387755,4.169499592417778e-05,0.9387755,4.043385702249878e-05,0.9387755,3.924662518031926e-05,0.9387755,3.812700023706653e-05,0.9387755,3.706937699075635e-05,0.9387755,3.606875212853546e-05,0.9387755,3.512064569440496e-05
0.9795918,0.0002811708159352477,0.9795918,0.0002278205079022072,0.9795918,0.0001967525214815895,0.9795918,0.0001745622704131936,0.9795918,0.0001572317313105133,0.9795918,0.0001431175808583778,0.9795918,0.0001313429891272391,0.9795918,0.0001213546977067885,0.9795918,0.0001127706330886838,0.9795918,0.0001053133907897681,0.9795918,9.877506820032592e-05,0.9795918,9.299622941985257e-05,0.9795918,8.785235989761883e-05,0.9795918,8.324472823201856e-05,0.9795918,7.909401637329658e-05,0.9795918,7.533576644784629e-05,0.9795918,7.19170585300396e-05,0.9795918,6.87940440029188e-05,0.9795918,6.593008631723568e-05,0.9795918,6.329434081778966e-05,0.9795918,6.086065699089564e-05,0.9795918,5.860672079018601e-05,0.9795918,5.651337796262795e-05,0.9795918,5.45640953747794e-05,0.9795918,5.274452863661682e-05,0.9795918,5.10421723761469e-05,0.9795918,4.94460753389395e-05,0.9795918,4.794660674318847e-05,0.9795918,4.653526346757926e-05,0.9795918,4.52045099988404e-05,0.9795918,4.394764483662429e-05,0.9795918,4.275868839947465e-05,0.9795918,4.163228850719394e-05
1.020408,0.0003307912437616102,1.020408,0.0002686483887478009,1.020408,0.0002318495266445219,1.020408,0.0002054640481020611,1.020408,0.0001848725961283621,1.020408,0.0001681329103613458,1.020408,0.00015419299972133,1.020408,0.0001423862192599774,1.020408,0.0001322525046896551,1.020408,0.0001234585865503119,1.020408,0.0001157553293392861,1.020408,0.0001089521325589874,1.020408,0.0001029004590666103,1.020408,9.748274778526474e-05,1.020408,9.260470596422055e-05,1.020408,8.818981431541662e-05,1.020408,8.417532769895937e-05,1.020408,8.050931254624551e-05,1.020408,7.71484184000011e-05,1.020408,7.405617885566279e-05,1.020408,7.120170040692783e-05,1.020408,6.855863955277882e-05,1.020408,6.610439683842557e-05,1.020408,6.381947602355778e-05,1.020408,6.168697025601749e-05,1.020408,5.969214686607841e-05,1.020408,5.782210941803241e-05,1.020408,5.606552078063992e-05,1.020408,5.441237476013619e-05,1.020408,5.285380665917551e-05,1.020408,5.138193524709615e-05,1.020408,4.998973023788113e-05,1.020408,4.867090060525114e-05
1.061224,0.0003835292066454117,1.061224,0.0003121910742370893,1.061224,0.0002693358700229079,1.061224,0.0002384977014591474,1.061224,0.0002144382567498616,1.061224,0.0001949030442944828,1.061224,0.0001786557174544561,1.061224,0.000164909840838705,1.061224,0.0001531227865708826,1.061224,0.0001429020687511899,1.061224,0.0001339548044702049,1.061224,0.0001260573033315258,1.061224,0.0001190355053092306,1.061224,0.0001127518325365025,1.061224,0.0001070960655587888,1.061224,0.0001019788510902177,1.061224,9.732698510964639e-05,1.061224,9.307992438366206e-05,1.061224,8.918716628377401e-05,1.061224,8.560625370955171e-05,1.061224,8.230123732676518e-05,1.061224,7.924147716344821e-05,1.061224,7.640069926210758e-05,1.061224,7.375624624961672e-05,1.061224,7.128847689799916e-05,1.061224,6.898028126669969e-05,1.061224,6.681668631031499e-05,1.061224,6.478453288089235e-05,1.061224,6.287220950972853e-05,1.061224,6.106943167181732e-05,1.061224,5.936705773069076e-05,1.061224,5.775693465346178e-05,1.061224,5.623176803282805e-05
1.102041,0.0004392336815550756,1.102041,0.0003583362815727056,1.102041,0.000309125072528,1.102041,0.0002735944158521919,1.102041,0.0002458724953880449,1.102041,0.0002233810794407882,1.102041,0.0002046913354856284,1.102041,0.0001888912964549334,1.102041,0.000175351628431741,1.102041,0.0001636175674348113,1.102041,0.0001533501699408433,1.102041,0.0001442908739229199,1.102041,0.0001362387009344203,1.102041,0.0001290349471677038,1.102041,0.000122552573507505,1.102041,0.00011668866550142,1.102041,0.0001113589619949978,1.102041,0.0001064938133378013,1.102041,0.0001020351487909777,1.102041,9.793416961714127e-05,1.102041,9.414957247622075e-05,1.102041,9.06461659426373e-05,1.102041,8.739378221225154e-05,1.102041,8.436641305150696e-05,1.102041,8.154151790522975e-05,1.102041,7.889946546665882e-05,1.102041,7.642307964311622e-05,1.102041,7.409726786335605e-05,1.102041,7.190871483703983e-05,1.102041,6.984562871957269e-05,1.102041,6.789752952235603e-05,1.102041,6.60550717965701e-05,1.102041,6.430989529086941e-05
1.142857,0.0004977605177296002,1.142857,0.0004069756139379344,1.142857,0.0003511328310061158,1.142857,0.0003106865710109337,1.142857,0.0002791197036065952,1.142857,0.000253520359744649,1.142857,0.0002322600630205699,1.142857,0.0002142961854971144,1.142857,0.000198908945840981,1.142857,0.0001855785125105009,1.142857,0.000173917758431345,1.142857,0.0001636316046744134,1.142857,0.0001544908588887976,1.142857,0.0001463146569639942,1.142857,0.000138958304027715,1.142857,0.0001323046411783585,1.142857,0.0001262577862071571,1.142857,0.0001207385134778443,1.142857,0.000115680789962871,1.142857,0.0001110291419409583,1.142857,0.0001067366282434649,1.142857,0.000102763262819087,1.142857,9.907477446493852e-05,1.142857,9.564162253536941e-05,1.142857,9.243820906835968e-05,1.142857,8.944224310650716e-05,1.142857,8.66342240142403e-05,1.142857,8.399701861578085e-05,1.142857,8.151551288313479e-05,1.142857,7.917632329450827e-05,1.142857,7.69675562805864e-05,1.142857,7.48786066738562e-05,1.142857,7.289998798429226e-05
1.183673,0.0005589716267853558,1.183673,0.0004580040661377172,1.183673,0.0003952767545062202,1.183673,0.0003497076097157746,1.183673,0.0003141248251107755,1.183673,0.0002852744614067423,1.183673,0.0002613221351482588,1.183673,0.0002410899972733796,1.183673,0.0002237644535492267,1.183673,0.0002087580722158637,1.183673,0.0001956336003028848,1.183673,0.0001840579268804381,1.183673,0.0001737724460767674,1.183673,0.0001645731710570439,1.183673,0.0001562969699829861,1.183673,0.0001488117987186218,1.183673,0.000142009623420536,1.183673,0.0001358011993667263,1.183673,0.0001301121583028934,1.183673,0.0001248800353887885,1.183673,0.000120051981877079,1.183673,0.0001155829855192371,1.183673,0.0001114344717968935,1.183673,0.0001075731941597576,1.183673,0.000103970345943824,1.183673,0.0001006008440026058,1.183673,9.744274655585807e-05,1.183673,9.44767768320315e-05,1.183673,9.168593075451933e-05,1.183673,8.905515188286385e-05,1.183673,8.657106054369921e-05,1.183673,8.422172690622891e-05,1.183673,8.199647991068569e-05
1.22449,0.0006227347123562904,1.22449,0.0005113199489331414,1.22449,0.00044147639744133,1.22449,0.0003905921221490347,1.22449,0.0003508334618753328,1.22449,0.0003185973065073793,1.22449,0.0002918379270431316,1.22449,0.0002692382224727369,1.22449,0.0002498877726883513,1.22449,0.0002331292554525961,1.22449,0.0002184735209418557,1.22449,0.00020554803525475,1.22449,0.0001940636711800516,1.22449,0.000183792425880498,1.22449,0.0001745520022719162,1.22449,0.0001661948713034229,1.22449,0.0001586003492528431,1.22449,0.0001516687549482824,1.22449,0.0001453170326701791,1.22449,0.0001394754271336462,1.22449,0.000134084926033275,1.22449,0.0001290952707245484,1.22449,0.0001244633929192762,1.22449,0.0001201521745972703,1.22449,0.0001161294557811497,1.22449,0.0001123672342657346,1.22449,0.0001088410153590723,1.22449,0.0001055292798473958,1.22449,0.000102413045865131,1.22449,9.947550590169511e-05,1.22449,9.670172434193299e-05,1.22449,9.40783840907544e-05,1.22449,9.159357324053313e-05
1.265306,0.0006889231814118198,1.265306,0.0005668249479413335,1.265306,0.0004896533794780297,1.265306,0.0004332759865953369,1.265306,0.0003891920182484935,1.265306,0.0003534433031831833,1.265306,0.0003237680873175563,1.265306,0.0002987064787834473,1.265306,0.0002772485486414825,1.265306,0.0002586650222855687,1.265306,0.0002424132444187689,1.265306,0.0002280799853192439,1.265306,0.0002153445763324841,1.265306,0.0002039541716493379,1.265306,0.0001937066315845804,1.265306,0.0001844383821563932,1.265306,0.0001760156228064845,1.265306,0.000168327843510276,1.265306,0.0001612829689661959,1.265306,0.0001548036704931571,1.265306,0.0001488245296882038,1.265306,0.000143289832431452,1.265306,0.0001381518354776462,1.265306,0.0001333693915473067,1.265306,0.0001289068493040335,1.265306,0.0001247331661908668,1.265306,0.0001208211875993936,1.265306,0.0001171470571149618,1.265306,0.0001136897308683429,1.265306,0.0001104305751819452,1.265306,0.0001073530313187701,1.265306,0.0001044423346400374,1.265306,0.0001016852781478685
1.306122,0.0007574160691793467,1.306122,0.0006244241857766694,1.306122,0.0005397314977044134,1.306122,0.000477696496891836,1.306122,0.0004291478296420956,1.306122,0.000389767469880539,1.306122,0.0003570736557058573,1.306122,0.0003294606214320783,1.306122,0.0003058165545509632,1.306122,0.0002853383808262936,1.306122,0.0002674284842600277,1.306122,0.0002516317785950929,1.306122,0.0002375951172394578,1.306122,0.0002250400478774521,1.306122,0.0002137439597435685,1.306122,0.0002035267120892061,1.306122,0.0001942409507584821,1.306122,0.0001857649686207492,1.306122,0.0001779973581861899,1.306122,0.000170852950335148,1.306122,0.000164259691110748,1.306122,0.0001581562126816181,1.306122,0.0001524899247100309,1.306122,0.0001472155004747509,1.306122,0.0001422936656671313,1.306122,0.0001376902215560519,1.306122,0.0001333752512898266,1.306122,0.0001293224705145272,1.306122,0.000125508692614037,1.306122,0.000121913385657797,1.306122,0.0001185183032293467,1.306122,0.0001153071751599501,1.306122,0.0001122654471317461
1.346939,0.0008280979387012543,1.346939,0.0006840262531041637,1.346939,0.0005916368063633442,1.346939,0.0005237924588280671,1.346939,0.0004706492625192286,1.346939,0.0004275255333953813,1.346939,0.0003917161568612098,1.346939,0.0003614668319123656,1.346939,0.0003355617748382019,1.346939,0.0003131224657182845,1.346939,0.0002934950172096467,1.346939,0.0002761814319993164,1.346939,0.0002607952285717445,1.346939,0.0002470316451142751,1.346939,0.0002346470181031866,1.346939,0.0002234441548543507,1.346939,0.0002132617399293331,1.346939,0.0002039665241486237,1.346939,0.0001954474741025866,1.346939,0.0001876113286128428,1.346939,0.0001803791814187934,1.346939,0.0001736838232911382,1.346939,0.0001674676534854064,1.346939,0.0001616810230805392,1.346939,0.0001562809094694485,1.346939,0.0001512298472787557,1.346939,0.0001464950596708771,1.346939,0.0001420477475586492,1.346939,0.0001378625042456831,1.346939,0.0001339168304231654,1.346939,0.0001301907300188885,1.346939,0.0001266663716072763,1.346939,0.0001233278033056668
1.387755,0.0009008587355975118,1.387755,0.0007455431954066979,1.387755,0.0006452976568807168,1.387755,0.0005715042518002398,1.387755,0.0005136457840163902,1.387755,0.0004666740002075762,1.387755,0.0004276576704658579,1.387755,0.00039469168552155,1.387755,0.000366454469606659,1.387755,0.0003419905992487799,1.387755,0.000320588741095265,1.387755,0.0003017070326102302,1.387755,0.0002849248758197011,1.387755,0.000269910554091537,1.387755,0.0002563988141912849,1.387755,0.0002441749614753558,1.387755,0.000233063339481935,1.387755,0.0002229188344973316,1.387755,0.0002136205116849875,1.387755,0.0002050667811091065,1.387755,0.0001971716797728364,1.387755,0.0001898619796068802,1.387755,0.0001830749147255958,1.387755,0.0001767563784823122,1.387755,0.0001708594807783957,1.387755,0.0001653433843602632,1.387755,0.0001601723591453696,1.387755,0.0001553150083817988,1.387755,0.0001507436313022169,1.387755,0.0001464336949997608,1.387755,0.0001423633943059639,1.387755,0.0001385132830331905,1.387755,0.0001348659634427207
1.428571,0.000975593609458514,1.428571,0.0008088904641498031,1.428571,0.0007006447056358993,1.428571,0.0006207738622456124,1.428571,0.0005580880069599462,1.428571,0.0005071702062331944,1.428571,0.0004648608822504612,1.428571,0.0004291022018611597,1.428571,0.0003984652237169994,1.428571,0.0003719163385643387,1.428571,0.000348685720009704,1.428571,0.0003281867807833265,1.428571,0.0003099640963894846,1.428571,0.0002936584048863616,1.428571,0.000278982369044995,1.428571,0.0002657033758678165,1.428571,0.0002536310749405505,1.428571,0.0002426081871304349,1.428571,0.0002325036182352414,1.428571,0.0002232072272769601,1.428571,0.000214625802010846,1.428571,0.0002066799280176641,1.428571,0.0001993015278680625,1.428571,0.0001924319086979335,1.428571,0.0001860201996973913,1.428571,0.0001800220915954688,1.428571,0.0001743988121837242,1.428571,0.0001691162878900366,1.428571,0.0001641444531570799,1.428571,0.0001594566781068426,1.428571,0.0001550292915210584,1.428571,0.0001508411811257874,1.428571,0.0001468734569545207
1.469388,0.001052202712757533,1.469388,0.0008739868417144062,1.469388,0.0007576108974827113,1.469388,0.0006715448957257863,1.469388,0.0006039277162262164,1.469388,0.0005489723502085923,1.469388,0.0005032891205448304,1.469388,0.0004646658824428188,1.469388,0.0004315649842777049,1.469388,0.0004028735124017469,1.469388,0.0003777622199389229,1.469388,0.000355599024508623,1.469388,0.0003358930326253118,1.469388,0.0003182568986044516,1.469388,0.0003023807475857828,1.469388,0.0002880136639567134,1.469388,0.0002749502761106855,1.469388,0.0002630208593585225,1.469388,0.000252083919106446,1.469388,0.0002420205549543432,1.469388,0.0002327301244197846,1.469388,0.0002241268688402575,1.469388,0.0002161372609205567,1.469388,0.0002086978999193541,1.469388,0.0002017538269059613,1.469388,0.000195257165422839,1.469388,0.0001891660165242047,1.469388,0.0001834435543489978,1.469388,0.000178057281028607,1.469388,0.0001729784091261281,1.469388,0.0001681813468557551,1.469388,0.0001636432666711244,1.469388,0.0001593437418897255
1.510204,0.001130591405026496,1.510204,0.0009407546971915161,1.510204,0.0008161317215630395,1.510204,0.0007237628163849115,1.510204,0.0006511180876492218,1.510204,0.0005920396921567272,1.510204,0.0005429065358881522,1.510204,0.0005013508734293739,1.510204,0.0004657252084896041,1.510204,0.0004348363558414279,1.510204,0.0004077948320191411,1.510204,0.0003839223725570445,1.510204,0.0003626920360399034,1.510204,0.0003436879037223002,1.510204,0.0003265771479576013,1.510204,0.000311090196772511,1.510204,0.0002970063545916923,1.510204,0.0002841431908392924,1.510204,0.0002723485856873103,1.510204,0.0002614946842665387,1.510204,0.0002514732439363102,1.510204,0.0002421920131527834,1.510204,0.0002335718842224458,1.510204,0.0002255446334633426,1.510204,0.0002180511120322657,1.510204,0.0002110397859259234,1.510204,0.0002044655489887199,1.510204,0.0001982887511801816,1.510204,0.0001924743979063031,1.510204,0.000186991486292896,1.510204,0.0001818124518405981,1.510204,0.0001769127046283905,1.510204,0.000172270238606952
1.55102,0.00121066794853881,1.55102,0.001009118142643383,1.55102,0.0008761437208828982,1.55102,0.0007773737203783019,1.55102,0.0006996126614137348,1.55102,0.0006363316815493153,1.55102,0.000583677351407155,1.55102,0.0005391253142418864,1.55102,0.000500917292417427,1.55102,0.0004677790053728131,1.55102,0.0004387600230624611,1.55102,0.0004131352918776682,1.55102,0.0003903413046843276,1.55102,0.0003699331278227624,1.55102,0.0003515546030235793,1.55102,0.000334917177891757,1.55102,0.0003197845539697313,1.55102,0.0003059613538336386,1.55102,0.0002932846234392368,1.55102,0.0002816173714949723,1.55102,0.0002708435961722123,1.55102,0.0002608644135293582,1.55102,0.0002515950126313199,1.55102,0.000242962238312803,1.55102,0.0002349026555871726,1.55102,0.0002273609873133208,1.55102,0.0002202888437601766,1.55102,0.0002136436823717077,1.55102,0.000207387950503939,1.55102,0.0002014883746635341,1.55102,0.0001959153678541875,1.55102,0.0001906425327556361,1.55102,0.0001856462431343127
1.591837,0.001292347467321299,1.591837,0.001079006407808961,1.591837,0.0009375873332068509,1.591837,0.0008323267415545269,1.591837,0.0007493673992472653,1.591837,0.0006818097342242633,1.591837,0.0006255674120229776,1.591837,0.0005779586996798738,1.591837,0.0005371137777290333,1.591837,0.0005016765752835419,1.591837,0.0004706351015848678,1.591837,0.0004432169794008838,1.591837,0.0004188216738848164,1.591837,0.0003969748380962323,1.591837,0.0003772966396234098,1.591837,0.0003594792489754822,1.591837,0.0003432705079807344,1.591837,0.0003284618693775075,1.591837,0.0003148793506761625,1.591837,0.0003023766544165348,1.591837,0.0002908298707269618,1.591837,0.0002801333522901006,1.591837,0.000270196469296714,1.591837,0.0002609410326807703,1.591837,0.0002522992303132551,1.591837,0.0002442119608151157,1.591837,0.0002366274783893582,1.591837,0.0002295002829865982,1.591837,0.0002227902055112083,1.591837,0.000216461649222984,1.591837,0.0002104829570857229,1.591837,0.000204825881327663,1.591837,0.0001994651364558128
1.632653,0.0013755475607189,1.632653,0.001150350247058521,1.632653,0.001000403942869647,1.632653,0.0008885715996832855,1.632653,0.0008003386161883839,1.632653,0.0007284354650469337,1.632653,0.000668542657116751,1.632653,0.0006178205469910031,1.632653,0.0005742871784046994,1.632653,0.0005365041170569324,1.632653,0.0005033972886792584,1.632653,0.0004741465274639187,1.632653,0.0004481138625555605,1.632653,0.0004247951773856904,1.632653,0.0004037866551549486,1.632653,0.0003847609192390315,1.632653,0.0003674497164553601,1.632653,0.0003516311242844151,1.632653,0.0003371199520167735,1.632653,0.0003237604382615271,1.632653,0.0003114206262559382,1.632653,0.0002999879827405996,1.632653,0.0002893659505139797,1.632653,0.0002794712102439137,1.632653,0.0002702314868360847,1.632653,0.0002615837780225965,1.632653,0.0002534729132927585,1.632653,0.000245850373459669,1.632653,0.0002386733174785408,1.632653,0.0002319037752747043,1.632653,0.0002255079744591333,1.632653,0.0002194557757210823,1.632653,0.0002137201969698361
1.673469,0.001460190187411401,1.673469,0.001223083571409027,1.673469,0.001064537269354291,1.673469,0.0009460597853758711,1.673469,0.0008524839998187491,1.673469,0.0007761715724053593,1.673469,0.0007125698946539695,1.673469,0.0006586810787348887,1.673469,0.0006124105874182721,1.673469,0.0005722371618745699,1.673469,0.0005370242059897975,1.673469,0.0005059033650899755,1.673469,0.0004781988741991784,1.673469,0.00045337653021021,1.673469,0.0004310082530368321,1.673469,0.0004107468740599286,1.673469,0.0003923078302042616,1.673469,0.0003754556349725773,1.673469,0.0003599937234338599,1.673469,0.0003457567239480336,1.673469,0.0003326045035882282,1.673469,0.0003204175286500882,1.673469,0.0003090932128532085,1.673469,0.0002985430160544869,1.673469,0.0002886901193568387,1.673469,0.0002794675472439609,1.673469,0.0002708166395547492,1.673469,0.0002626857995439537,1.673469,0.0002550294615314208,1.673469,0.0002478072344819201,1.673469,0.0002409831875038891,1.673469,0.0002345252505678192,1.673469,0.0002284047093349637
1.714286,0.001546201051987422,1.714286,0.001297142992060832,1.714286,0.001129933019128905,1.714286,0.001004744286957865,1.714286,0.0009057623907358439,1.714286,0.0008249816581943815,1.714286,0.000757616651112584,1.714286,0.0007005110959451386,1.714286,0.0006514575682898509,1.714286,0.0006088516269752506,1.714286,0.0005714937941666109,1.714286,0.0005384671864503062,1.714286,0.0005090579337406512,1.714286,0.0004827014666714253,1.714286,0.0004589451926419998,1.714286,0.0004374219300876859,1.714286,0.0004178306106047916,1.714286,0.0003999220109482397,1.714286,0.0003834880391488567,1.714286,0.0003683535779784761,1.714286,0.000354370198277883,1.714286,0.0003414112591607234,1.714286,0.0003293680501716065,1.714286,0.0003181467254355739,1.714286,0.0003076658462392112,1.714286,0.0002978543956160741,1.714286,0.0002886501624180385,1.714286,0.0002799984170513059,1.714286,0.0002718508192475835,1.714286,0.0002641645117808034,1.714286,0.0002569013642146762,1.714286,0.0002500273384814799,1.714286,0.0002435119539916066
1.755102,0.00163350941783672,1.755102,0.001372467714751761,1.755102,0.001196538826568553,1.755102,0.001064579558671733,1.755102,0.0009601337672965429,1.755102,0.0008748302228821287,1.755102,0.0008036511731291477,1.755102,0.0007432819840247211,1.755102,0.000691402163738238,1.755102,0.0006463238260868799,1.755102,0.0006067843244245136,1.755102,0.0005718179631075837,1.755102,0.0005406725001523831,1.755102,0.0005127527552511344,1.755102,0.000487581402122926,1.755102,0.000464771047996266,1.755102,0.0004440039422115638,1.755102,0.0004250169672273355,1.755102,0.0004075903638333668,1.755102,0.0003915391444011091,1.755102,0.0003767064723136341,1.755102,0.0003629585002396317,1.755102,0.0003501803048062064,1.755102,0.0003382726549158159,1.755102,0.0003271494206896471,1.755102,0.0003167354795352044,1.755102,0.0003069650114709153,1.755102,0.0002977801018028165,1.755102,0.0002891295883777022,1.755102,0.0002809681048787181,1.755102,0.000273255282334579,1.755102,0.0002659550791327962,1.755102,0.0002590352160369591
1.795918,0.001722047928865589,1.795918,0.001448999437044799,1.795918,0.001264304195182616,1.795918,0.001125521488009494,1.795918,0.001015559228980638,1.795918,0.0009256826590030867,1.795918,0.0008506424275323732,1.795918,0.0007869657170643824,1.795918,0.000732218902826932,1.795918,0.0006846304784366359,1.795918,0.0006428744087682319,1.795918,0.0006059359550121463,1.795918,0.0005730242779140094,1.795918,0.0005435133745198731,1.795918,0.0005169009902180479,1.795918,0.000492779344282137,1.795918,0.0004708138444714494,1.795918,0.0004507273359152983,1.795918,0.0004322882640179021,1.795918,0.0004153016560235568,1.795918,0.0003996021651216401,1.795918,0.0003850486454615563,1.795918,0.0003715198781316577,1.795918,0.0003589111725609288,1.795918,0.0003471316408635791,1.795918,0.0003361019945407178,1.795918,0.0003257527503123803,1.795918,0.0003160227590802351,1.795918,0.0003068579920885056,1.795918,0.0002982105332948288,1.795918,0.0002900377381991824,1.795918,0.0002823015279033316,1.795918,0.0002749677936944116
1.836735,0.001811752439807207,1.836735,0.001526682248700384,1.836735,0.001333180439397477,1.836735,0.00118752736243383,1.836735,0.001072000978613873,1.836735,0.0009775052432918086,1.836735,0.0008985600999530649,1.836735,0.0008315348607506453,1.836735,0.0007738828067507383,1.836735,0.0007237487164698291,1.836735,0.0006797430090005078,1.836735,0.0006408017203554743,1.836735,0.0006060952274009944,1.836735,0.0005749665238416644,1.836735,0.0005468882571170155,1.836735,0.0005214321021789002,1.836735,0.0004982464826082317,1.836735,0.0004770400770052055,1.836735,0.0004575694187635365,1.836735,0.0004396294449301222,1.836735,0.0004230462039095149,1.836735,0.0004076711661672092,1.836735,0.0003933767405253885,1.836735,0.0003800527077417433,1.836735,0.0003676033594350973,1.836735,0.0003559451846870824,1.836735,0.0003450049857286224,1.836735,0.0003347183326100834,1.836735,0.0003250282877584491,1.836735,0.0003158843469717518,1.836735,0.0003072415551689552,1.836735,0.0002990597641435505,1.836735,0.0002913030064023684
1.877551,0.001902561855623298,1.877551,0.001605462535899893,1.877551,0.001403120627624204,1.877551,0.001250555836114655,1.877551,0.001129422303973542,1.877551,0.001030265127890728,1.877551,0.0009473745923703089,1.877551,0.0008769625741638184,1.877551,0.0008163693935156198,1.877551,0.000763656092491565,1.877551,0.0007173694446958259,1.877551,0.0006763961244381302,1.877551,0.0006398675743383195,1.877551,0.0006070956331938479,1.877551,0.0005775277044891162,1.877551,0.0005507147817807076,1.877551,0.0005262881777588136,1.877551,0.0005039422884673676,1.877551,0.0004834216296621168,1.877551,0.0004645109523620672,1.877551,0.0004470276134052,1.877551,0.0004308156210460255,1.877551,0.0004157409407845624,1.877551,0.0004016877603794778,1.877551,0.0003885554926674589,1.877551,0.0003762563514386555,1.877551,0.0003647133764127083,1.877551,0.0003538588131100357,1.877551,0.0003436327753534285,1.877551,0.0003339821344838478,1.877551,0.0003248595916738132,1.877551,0.0003162228990576391,1.877551,0.0003080342025434976
1.918367,0.00199441797799986,1.918367,0.001685288887890025,1.918367,0.001474079525602245,1.918367,0.001314566895955864,1.918367,0.001187787558243783,1.918367,0.001083930330232999,1.918367,0.0009970570192903315,1.918367,0.000923222610232049,1.918367,0.0008596546813294484,1.918367,0.0008043305840877026,1.918367,0.0007557334000259987,1.918367,0.0007127003474612609,1.918367,0.0006743238182461343,1.918367,0.0006398843720429288,1.918367,0.000608804044627016,1.918367,0.0005806130293354532,1.918367,0.0005549254163291544,1.918367,0.0005314212156043508,1.918367,0.0005098328301436859,1.918367,0.0004899347379433725,1.918367,0.0004715355249763926,1.918367,0.0004544716651316504,1.918367,0.0004386026149853438,1.918367,0.0004238069096605311,1.918367,0.0004099790289782266,1.918367,0.0003970268620823124,1.918367,0.0003848696412235914,1.918367,0.0003734362463945389,1.918367,0.0003626638053802301,1.918367,0.0003524965308404945,1.918367,0.0003428847488687366,1.918367,0.0003337840832143833,1.918367,0.000325154766814073
1.959184,0.002087265360690519,1.959184,0.00176611200785965,1.959184,0.001546013541554426,1.959184,0.001379521828154773,1.959184,0.001247062140316868,1.959184,0.001138469722401098,1.959184,0.001047579203205649,1.959184,0.0009702893153693138,1.959184,0.0009037151911375464,1.959184,0.0008457505986847455,1.959184,0.0007948149297380152,1.959184,0.000749695891494548,1.959184,0.0007094467400918564,1.959184,0.0006733166574595073,1.959184,0.0006407022088629787,1.959184,0.0006111126858435882,1.959184,0.0005841448586879258,1.959184,0.0005594642597744499,1.959184,0.0005367910941815353,1.959184,0.0005158894883316596,1.959184,0.0004965591852010249,1.959184,0.0004786290582727727,1.959184,0.0004619519948402943,1.959184,0.0004464008222707576,1.959184,0.0004318650370438897,1.959184,0.0004182481576982801,1.959184,0.0004054655670208867,1.959184,0.0003934427410726681,1.959184,0.000382113786447696,1.959184,0.0003714202249115858,1.959184,0.0003613099779252694,1.959184,0.0003517365137067928,1.959184,0.0003426581272541777
2,0.002181051171884392,2,0.001847884626737594,2,0.001618880672229052,2,0.001445383184631635,2,0.001307212474454787,2,0.001193853019597851,2,0.001098913669058096,2,0.001018137628084003,2,0.0009485279481363108,2,0.0008878949771168907,2,0.0008345944641790041,2,0.0007873645865359656,2,0.0007452194090799507,2,0.0007073766614160788,2,0.0006732073552113835,2,0.0006421997949242705,2,0.0006139333471660056,2,0.0005880589864569193,2,0.0005642846443724275,2,0.0005423640252752849,2,0.0005220879638726833,2,0.0005032776730655914,2,0.0004857794155421542,2,0.0004694602601391172,2,0.0004542046734352232,2,0.0004399117606816103,2,0.0004264930160688293,2,0.0004138704758324648,2,0.0004019751924305304,2,0.0003907459664708191,2,0.0003801282869549831,2,0.0003700734409569946,2,0.0003605377619356767
