gm_id_fT (L_var=3.5e-07) X,gm_id_fT (L_var=3.5e-07) Y,gm_id_fT (L_var=4.5e-07) X,gm_id_fT (L_var=4.5e-07) Y,gm_id_fT (L_var=5.5e-07) X,gm_id_fT (L_var=5.5e-07) Y,gm_id_fT (L_var=6.5e-07) X,gm_id_fT (L_var=6.5e-07) Y,gm_id_fT (L_var=7.5e-07) X,gm_id_fT (L_var=7.5e-07) Y,gm_id_fT (L_var=8.5e-07) X,gm_id_fT (L_var=8.5e-07) Y,gm_id_fT (L_var=9.5e-07) X,gm_id_fT (L_var=9.5e-07) Y,gm_id_fT (L_var=1.05e-06) X,gm_id_fT (L_var=1.05e-06) Y,gm_id_fT (L_var=1.15e-06) X,gm_id_fT (L_var=1.15e-06) Y,gm_id_fT (L_var=1.25e-06) X,gm_id_fT (L_var=1.25e-06) Y,gm_id_fT (L_var=1.35e-06) X,gm_id_fT (L_var=1.35e-06) Y,gm_id_fT (L_var=1.45e-06) X,gm_id_fT (L_var=1.45e-06) Y,gm_id_fT (L_var=1.55e-06) X,gm_id_fT (L_var=1.55e-06) Y,gm_id_fT (L_var=1.65e-06) X,gm_id_fT (L_var=1.65e-06) Y,gm_id_fT (L_var=1.75e-06) X,gm_id_fT (L_var=1.75e-06) Y,gm_id_fT (L_var=1.85e-06) X,gm_id_fT (L_var=1.85e-06) Y,gm_id_fT (L_var=1.95e-06) X,gm_id_fT (L_var=1.95e-06) Y,gm_id_fT (L_var=2.05e-06) X,gm_id_fT (L_var=2.05e-06) Y,gm_id_fT (L_var=2.15e-06) X,gm_id_fT (L_var=2.15e-06) Y,gm_id_fT (L_var=2.25e-06) X,gm_id_fT (L_var=2.25e-06) Y,gm_id_fT (L_var=2.35e-06) X,gm_id_fT (L_var=2.35e-06) Y,gm_id_fT (L_var=2.45e-06) X,gm_id_fT (L_var=2.45e-06) Y,gm_id_fT (L_var=2.55e-06) X,gm_id_fT (L_var=2.55e-06) Y,gm_id_fT (L_var=2.65e-06) X,gm_id_fT (L_var=2.65e-06) Y,gm_id_fT (L_var=2.75e-06) X,gm_id_fT (L_var=2.75e-06) Y,gm_id_fT (L_var=2.85e-06) X,gm_id_fT (L_var=2.85e-06) Y,gm_id_fT (L_var=2.95e-06) X,gm_id_fT (L_var=2.95e-06) Y,gm_id_fT (L_var=3.05e-06) X,gm_id_fT (L_var=3.05e-06) Y,gm_id_fT (L_var=3.15e-06) X,gm_id_fT (L_var=3.15e-06) Y,gm_id_fT (L_var=3.25e-06) X,gm_id_fT (L_var=3.25e-06) Y,gm_id_fT (L_var=3.35e-06) X,gm_id_fT (L_var=3.35e-06) Y,gm_id_fT (L_var=3.45e-06) X,gm_id_fT (L_var=3.45e-06) Y,gm_id_fT (L_var=3.55e-06) X,gm_id_fT (L_var=3.55e-06) Y
0,-nan,0,-nan,0,-nan,0,-nan,0,-nan,0,-nan,0,-nan,0,-nan,0,-nan,0,-nan,0,-nan,0,-nan,0,-nan,0,-nan,0,-nan,0,-nan,0,-nan,0,-nan,0,-nan,0,-nan,0,-nan,0,-nan,0,-nan,0,-nan,0,-nan,0,-nan,0,-nan,0,-nan,0,-nan,0,-nan,0,-nan,0,-nan,0,-nan
0.04081633,46854.60360289499,0.04081633,39643.71059707635,0.04081633,41477.36257821866,0.04081633,44397.34123473312,0.04081633,46808.16168112718,0.04081633,48458.15023368538,0.04081633,49434.80742233459,0.04081633,49885.22993418586,0.04081633,49942.18891952943,0.04081633,49710.67009958554,0.04081633,49270.28929586791,0.04081633,48680.62323247564,0.04081633,47986.10933104478,0.04081633,47219.90051418573,0.04081633,46406.7566308953,0.04081633,45565.18140729756,0.04081633,44708.99764745735,0.04081633,43848.51098913825,0.04081633,42991.37338585112,0.04081633,42143.22706554908,0.04081633,41308.18733906464,0.04081633,40489.20649510994,0.04081633,39688.34945373136,0.04081633,38907.00356191266,0.04081633,38146.03895733175,0.04081633,37405.9316245494,0.04081633,36686.85814574755,0.04081633,35988.76886856034,0.04081633,35311.44453997101,0.04081633,34654.5402188946,0.04081633,34017.61936167254,0.04081633,33400.18028849172,0.04081633,32801.67672315432
0.08163265,193720.7182139261,0.08163265,162928.4311807249,0.08163265,169733.5631099205,0.08163265,181097.6400551704,0.08163265,190452.46897901,0.08163265,196769.048478853,0.08163265,200402.684377574,0.08163265,201948.0370700191,0.08163265,201939.56585031,0.08163265,200798.2012217625,0.08163265,198841.944334453,0.08163265,196307.8737127308,0.08163265,193372.1656089725,0.08163265,190165.7560801944,0.08163265,186786.0400815419,0.08163265,183305.48780325,0.08163265,179777.976317862,0.08163265,176243.4540020847,0.08163265,172731.3920698073,0.08163265,169263.3519176706,0.08163265,165854.9051064666,0.08163265,162517.0768339593,0.08163265,159257.4366431045,0.08163265,156080.9264484081,0.08163265,152990.4918340555,0.08163265,149987.5651980313,0.08163265,147072.4367320939,0.08163265,144244.5400596913,0.08163265,141502.6726367294,0.08163265,138845.1660679347,0.08163265,136270.0178197745,0.08163265,133774.993072346,0.08163265,131357.7033988585
0.122449,712319.8308149151,0.122449,596635.7167866714,0.122449,619744.4516975587,0.122449,659836.393238528,0.122449,692816.3576658537,0.122449,714908.9296717505,0.122449,727388.0457290271,0.122449,732396.8277706862,0.122449,731859.9331880456,0.122449,727291.2513886655,0.122449,719832.8500016922,0.122449,710334.8402703736,0.122449,699427.8620670674,0.122449,687579.7164151596,0.122449,675137.6259308603,0.122449,662359.3297278018,0.122449,649435.9103983154,0.122449,636508.5922511822,0.122449,623681.157288011,0.122449,611029.1693997273,0.122449,598606.8639477147,0.122449,586452.3206709202,0.122449,574591.3670942932,0.122449,563040.53767776,0.122449,551809.3265954327,0.122449,540901.9091748581,0.122449,530318.4615459783,0.122449,520056.1749494019,0.122449,510110.0369230343,0.122449,500473.4337408202,0.122449,491138.6152579165,0.122449,482097.0534667642,0.122449,473339.7186892634
0.1632653,2569689.280568659,0.1632653,2143954.942567802,0.1632653,2220358.249320446,0.1632653,2358746.211572936,0.1632653,2472488.208877656,0.1632653,2548009.079314806,0.1632653,2589778.025723314,0.1632653,2605358.370611177,0.1632653,2601539.96290846,0.1632653,2583658.887211398,0.1632653,2555736.27965984,0.1632653,2520761.354823223,0.1632653,2480948.064881628,0.1632653,2437935.583394438,0.1632653,2392937.884622625,0.1632653,2346853.765402858,0.1632653,2300347.567005322,0.1632653,2253908.530841419,0.1632653,2207894.626614407,0.1632653,2162565.076610954,0.1632653,2118104.617690634,0.1632653,2074641.693252129,0.1632653,2032262.160893964,0.1632653,1991019.668306026,0.1632653,1950943.539701699,0.1632653,1912044.791938058,0.1632653,1874320.738133722,0.1632653,1837758.519254093,0.1632653,1802337.818327119,0.1632653,1768032.948802238,0.1632653,1734814.461847739,0.1632653,1702650.382592138,0.1632653,1671507.159290735
0.2040816,9198262.785077257,0.2040816,7643981.528606014,0.2040816,7889015.807802156,0.2040816,8357752.949592735,0.2040816,8741974.734189885,0.2040816,8993581.43455857,0.2040816,9128190.912399761,0.2040816,9172246.50102975,0.2040816,9149448.251103742,0.2040816,9078392.064831523,0.2040816,8973067.431786291,0.2040816,8843853.159844045,0.2040816,8698418.174181905,0.2040816,8542424.662948644,0.2040816,8380052.459670952,0.2040816,8214384.515026022,0.2040816,8047689.458652614,0.2040816,7881629.121264109,0.2040816,7717411.545929299,0.2040816,7555904.347228103,0.2040816,7397719.118850416,0.2040816,7243274.599320747,0.2040816,7092844.16821166,0.2040816,6946591.718819026,0.2040816,6804598.860564617,0.2040816,6666885.619001423,0.2040816,6533426.23401812,0.2040816,6404161.244800061,0.2040816,6279006.749123984,0.2040816,6157861.50343118,0.2040816,6040612.36669191,0.2040816,5927138.469611295,0.2040816,5817314.399948136
0.244898,32644745.22520148,0.244898,27016720.32116963,0.244898,27760118.25596756,0.244898,29298339.86391488,0.244898,30549614.32347723,0.244898,31347468.11471942,0.244898,31746786.18100723,0.244898,31839220.44673932,0.244898,31706492.05913047,0.244898,31412480.22214045,0.244898,31005069.71180808,0.244898,30519650.98052972,0.244898,29982262.0464912,0.244898,29412033.44007646,0.244898,28823007.89018908,0.244898,28225475.3911589,0.244898,27626949.74616418,0.244898,27032884.03045017,0.244898,26447196.70056027,0.244898,25872660.22713516,0.244898,25311189.57079762,0.244898,24764057.35008764,0.244898,24232055.07212371,0.244898,23715614.46162923,0.244898,23214899.11025308,0.244898,22729873.93183403,0.244898,22260357.93684538,0.244898,21806064.40959806,0.244898,21366631.52987638,0.244898,20941645.71694058,0.244898,20530659.41058654,0.244898,20133204.58650267,0.244898,19748802.9917503
0.2857143,114205226.2955286,0.2857143,94090972.33838083,0.2857143,96084687.40050593,0.2857143,100825035.8624854,0.2857143,104602989.6316879,0.2857143,106866659.9653267,0.2857143,107811879.0124801,0.2857143,107752585.1543549,0.2857143,106965367.3139058,0.2857143,105664683.5624982,0.2857143,104010133.4468469,0.2857143,102118797.2984264,0.2857143,100076115.5042481,0.2857143,97944287.7733945,0.2857143,95768491.50862266,0.2857143,93581423.195352,0.2857143,91406605.1409965,0.2857143,89260796.73741812,0.2857143,87155758.80399811,0.2857143,85099550.14771073,0.2857143,83097484.76147558,0.2857143,81152841.719484,0.2857143,79267393.93741375,0.2857143,77441803.55402111,0.2857143,75675918.57496402,0.2857143,73968996.04294899,0.2857143,72319870.2641288,0.2857143,70727079.7579747,0.2857143,69188963.06767555,0.2857143,67703730.98978166,0.2857143,66269520.88824769,0.2857143,64884437.35943115,0.2857143,63546582.47552485
0.3265306,389421531.6449256,0.3265306,319116705.4341271,0.3265306,322798206.4313265,0.3265306,335494893.9190024,0.3265306,345006797.2706065,0.3265306,349647841.1385413,0.3265306,350135987.9426326,0.3265306,347529936.5273091,0.3265306,342740892.99041,0.3265306,336464619.9492339,0.3265306,329211881.8253968,0.3265306,321352113.4253404,0.3265306,313150703.0728815,0.3265306,304797355.5697786,0.3265306,296426886.1123067,0.3265306,288134282.4161094,0.3265306,279985586.7565269,0.3265306,272025768.99266,0.3265306,264284440.7078127,0.3265306,256780018.7429379,0.3265306,249522771.388964,0.3265306,242517055.9152804,0.3265306,235762967.9525612,0.3265306,229257560.9258099,0.3265306,222995749.5903113,0.3265306,216970980.3420115,0.3265306,211175728.5617506,0.3265306,205601867.1599474,0.3265306,200240938.8680732,0.3265306,195084356.3846982,0.3265306,190123548.3196966,0.3265306,185350064.352573,0.3265306,180755649.6770825
0.3673469,1269719872.316293,0.3673469,1032687338.377774,0.3673469,1028108644.671595,0.3673469,1050357426.221089,0.3673469,1062153988.764468,0.3673469,1059192943.605127,0.3673469,1044259236.358148,0.3673469,1020903607.863312,0.3673469,992054638.7572199,0.3673469,959883637.421088,0.3673469,925939166.5953006,0.3673469,891304529.4907106,0.3673469,856726355.0676554,0.3673469,822710520.5489279,0.3673469,789591596.58355,0.3673469,757582607.728271,0.3673469,726810585.9463232,0.3673469,697341977.9430073,0.3673469,669200826.7861242,0.3673469,642381803.9106803,0.3673469,616859562.0511886,0.3673469,592595451.0631865,0.3673469,569542336.7471516,0.3673469,547648050.3143442,0.3673469,526857846.2762289,0.3673469,507116140.4740866,0.3673469,488367724.5691583,0.3673469,470558599.4523679,0.3673469,453636531.3630162,0.3673469,437551406.5991353,0.3673469,422255440.4650568,0.3673469,407703281.3559567,0.3673469,393852040.088388
0.4081633,3842066546.702678,0.4081633,3083136396.495406,0.4081633,2980887624.060743,0.4081633,2945038153.091493,0.4081633,2876955568.60407,0.4081633,2771395543.767157,0.4081633,2640436406.757771,0.4081633,2496129622.80211,0.4081633,2347363782.446478,0.4081633,2200042251.719162,0.4081633,2057828987.815974,0.4081633,1922830899.041441,0.4081633,1796112835.810326,0.4081633,1678061953.107261,0.4081633,1568637840.903312,0.4081633,1467541057.000612,0.4081633,1374324979.002596,0.4081633,1288468907.744263,0.4081633,1209424967.221474,0.4081633,1136647438.887256,0.4081633,1069610419.595222,0.4081633,1007817791.785163,0.4081633,950808193.5535489,0.4081633,898156791.3843582,0.4081633,849475058.8456376,0.4081633,804409359.5199941,0.4081633,762638859.3626885,0.4081633,723873109.9743445,0.4081633,687849521.035044,0.4081633,654330857.7946581,0.4081633,623102844.7980268,0.4081633,593971920.9720534,0.4081633,566763167.7383548
0.4489796,10305372000.98695,0.4489796,8026696155.764747,0.4489796,7318442461.489588,0.4489796,6757535948.72724,0.4489796,6161385370.64582,0.4489796,5552309502.204536,0.4489796,4968273315.876288,0.4489796,4431898313.245215,0.4489796,3951939387.680842,0.4489796,3528797830.652022,0.4489796,3158672636.187082,0.4489796,2836044840.711762,0.4489796,2555014574.497774,0.4489796,2309957268.923464,0.4489796,2095803553.837784,0.4489796,1908122153.968345,0.4489796,1743106079.551364,0.4489796,1597516211.303672,0.4489796,1468610404.703969,0.4489796,1354072008.832656,0.4489796,1251944081.59501,0.4489796,1160571624.381845,0.4489796,1078552187.02737,0.4489796,1004694282.944407,0.4489796,937982696.982975,0.4489796,877549689.4927506,0.4489796,822651151.9489949,0.4489796,772646875.0786079,0.4489796,726984210.5345985,0.4489796,685184523.0791496,0.4489796,646831933.9882184,0.4489796,611563945.5341483,0.4489796,579063611.1612597
0.4897959,22667662612.55461,0.4897959,16553951225.7286,0.4897959,13586708720.80452,0.4897959,11272572304.70392,0.4897959,9348785928.472397,0.4897959,7781369484.511347,0.4897959,6523598823.652221,0.4897959,5518068525.095911,0.4897959,4711385254.67159,0.4897959,4059558727.071212,0.4897959,3528193522.302673,0.4897959,3090960935.751551,0.4897959,2727830478.514737,0.4897959,2423540091.856194,0.4897959,2166397103.326288,0.4897959,1947376144.737563,0.4897959,1759451805.784497,0.4897959,1597107425.108834,0.4897959,1455973104.680508,0.4897959,1332557727.286886,0.4897959,1224049280.603674,0.4897959,1128164964.485432,0.4897959,1043037774.889145,0.4897959,967129992.4354089,0.4897959,899166661.5315236,0.4897959,838084037.0135494,0.4897959,782989324.6180593,0.4897959,733129009.0987334,0.4897959,687863761.6910713,0.4897959,646648425.395345,0.4897959,609015947.1207896,0.4897959,574564398.6608007,0.4897959,542946430.9246761
0.5306122,37228224521.91682,0.5306122,24865695914.10995,0.5306122,18295694871.69916,0.5306122,13945080725.69993,0.5306122,10911848550.94519,0.5306122,8738352409.143816,0.5306122,7140644400.967835,0.5306122,5937513550.415366,0.5306122,5011447536.402809,0.5306122,4284628331.649653,0.5306122,3704309487.411371,0.5306122,3233900447.992725,0.5306122,2847456635.418809,0.5306122,2526207275.282476,0.5306122,2256319803.935909,0.5306122,2027429142.060713,0.5306122,1831649963.500263,0.5306122,1662900349.09607,0.5306122,1516430235.936099,0.5306122,1388487123.518978,0.5306122,1276075409.434924,0.5306122,1176780652.303068,0.5306122,1088639550.94259,0.5306122,1010042572.502631,0.5306122,939660206.4123505,0.5306122,876386525.3719201,0.5306122,819295570.0060316,0.5306122,767607336.8449796,0.5306122,720661029.8501362,0.5306122,677893857.125783,0.5306122,638824098.0645148,0.5306122,603037486.2700056,0.5306122,570176186.9284815
0.5714286,48309513316.54072,0.5714286,30437860652.78114,0.5714286,21449294741.73302,0.5714286,16024323366.46749,0.5714286,12449571444.74795,0.5714286,9956926656.797356,0.5714286,8145982008.107767,0.5714286,6787868561.493153,0.5714286,5742950362.259919,0.5714286,4921750886.082743,0.5714286,4264672599.97731,0.5714286,3730739303.498751,0.5714286,3291013800.261302,0.5714286,2924585405.397603,0.5714286,2616037755.55631,0.5714286,2353802835.716843,0.5714286,2129063193.673903,0.5714286,1935002994.866467,0.5714286,1766286668.063923,0.5714286,1618689366.659325,0.5714286,1488830734.009441,0.5714286,1373980236.643579,0.5714286,1271912894.079048,0.5714286,1180801028.994822,0.5714286,1099132116.17841,0.5714286,1025645780.460105,0.5714286,959285008.4292105,0.5714286,899158024.706275,0.5714286,844508250.1724514,0.5714286,794690442.304446,0.5714286,749151605.7183032,0.5714286,707415613.6194576,0.5714286,669070738.2753671
0.6122449,59117604964.84306,0.6122449,36598428664.00449,0.6122449,25630577353.12989,0.6122449,19119565492.76433,0.6122449,14841992610.46323,0.6122449,11857525920.14659,0.6122449,9687922546.053167,0.6122449,8060858415.285992,0.6122449,6809725545.118872,0.6122449,5827383570.553612,0.6122449,5042272159.674735,0.6122449,4405103323.774016,0.6122449,3881038075.77365,0.6122449,3444893688.935334,0.6122449,3078107249.301671,0.6122449,2766756261.272985,0.6122449,2500235898.125926,0.6122449,2270355453.587015,0.6122449,2070708925.833029,0.6122449,1896228757.292361,0.6122449,1742864334.277428,0.6122449,1607346971.047902,0.6122449,1487015810.597973,0.6122449,1379687265.201698,0.6122449,1283555997.914289,0.6122449,1197119038.142514,0.6122449,1119117061.194063,0.6122449,1048488538.943904,0.6122449,984333638.775074,0.6122449,925885574.3932805,0.6122449,872487702.7031027,0.6122449,823575087.5946656,0.6122449,778659562.882831
0.6530612,69792096370.02882,0.6530612,43157526760.87357,0.6530612,29984596104.23014,0.6530612,22174966387.63986,0.6530612,17078648568.34083,0.6530612,13552501824.25272,0.6530612,11009952689.61222,0.6530612,9117165283.835766,0.6530612,7671028265.654759,0.6530612,6541886329.253314,0.6530612,5643799378.594887,0.6530612,4918002955.95293,0.6530612,4323235432.997519,0.6530612,3829850884.298922,0.6530612,3416114728.322634,0.6530612,3065805008.871613,0.6530612,2766619518.540566,0.6530612,2509094108.428887,0.6530612,2285853257.541729,0.6530612,2091081368.698973,0.6530612,1920143616.328794,0.6530612,1769309952.518997,0.6530612,1635551441.680195,0.6530612,1516388072.501204,0.6530612,1409773714.701302,0.6530612,1314008221.080758,0.6530612,1227669601.771693,0.6530612,1149561203.361191,0.6530612,1078670219.268531,0.6530612,1014134838.58174,0.6530612,955218039.0562927,0.6530612,901286532.9677541,0.6530612,851793740.4988666
0.6938776,76534599008.02229,0.6938776,47510282826.12182,0.6938776,32742682043.64709,0.6938776,24003996308.55517,0.6938776,18353840162.16853,0.6938776,14481576211.63236,0.6938776,11712118928.66125,0.6938776,9664096857.988976,0.6938776,8107806924.60227,0.6938776,6898035600.377791,0.6938776,5939346495.884451,0.6938776,5166954591.641623,0.6938776,4535651189.377316,0.6938776,4013125193.8105,0.6938776,3575794964.763653,0.6938776,3206128593.496767,0.6938776,2890875559.519418,0.6938776,2619872468.626,0.6938776,2385219619.163672,0.6938776,2180702565.576916,0.6938776,2001378869.910073,0.6938776,1843278302.456348,0.6938776,1703182277.479098,0.6938776,1578459484.962213,0.6938776,1466941944.593195,0.6938776,1366830516.154101,0.6938776,1276622134.776675,0.6938776,1195053248.300915,0.6938776,1121055463.693134,0.6938776,1053720482.775829,0.6938776,992272169.7639573,0.6938776,936044140.6014968,0.6938776,884461661.5366359
0.7346939,78552732669.9745,0.7346939,49042130828.89872,0.7346939,33673763665.71044,0.7346939,24579171404.07331,0.7346939,18728459569.00386,0.7346939,14738989095.36134,0.7346939,11897420177.11922,0.7346939,9802779122.451929,0.7346939,8215004780.987514,0.7346939,6983154706.089364,0.7346939,6008474425.461893,0.7346939,5224173980.26352,0.7346939,4583786536.685689,0.7346939,4054184636.958181,0.7346939,3611240994.162694,0.7346939,3237049255.202134,0.7346939,2918095820.077101,0.7346939,2644028513.88374,0.7346939,2406809568.79505,0.7346939,2200121812.724807,0.7346939,2018945174.149322,0.7346939,1859249914.945003,0.7346939,1717771239.848843,0.7346939,1591841528.27482,0.7346939,1479263955.578508,0.7346939,1378216237.599771,0.7346939,1287176566.982704,0.7346939,1204866083.206401,0.7346939,1130203790.330045,0.7346939,1062270937.941852,0.7346939,1000282662.0869,0.7346939,943565243.4924356,0.7346939,891537746.9055502
0.7755102,77480821748.31866,0.7755102,48680769318.29791,0.7755102,33436726204.40817,0.7755102,24392616801.56556,0.7755102,18578262942.35876,0.7755102,14617563918.99622,0.7755102,11798646641.98945,0.7755102,9721731105.490835,0.7755102,8147847294.806468,0.7755102,6926951114.515365,0.7755102,5960984106.982178,0.7755102,5183681383.870595,0.7755102,4548968826.124955,0.7755102,4024012872.740216,0.7755102,3584907342.063001,0.7755102,3213913489.142922,0.7755102,2897645871.194887,0.7755102,2625851192.933858,0.7755102,2390568668.169586,0.7755102,2185541588.608061,0.7755102,2005797778.232569,0.7755102,1847345748.324302,0.7755102,1706951486.887458,0.7755102,1581972330.376547,0.7755102,1470231828.86168,0.7755102,1369924441.754895,0.7755102,1279542207.203132,0.7755102,1197817781.378788,0.7755102,1123679801.494467,0.7755102,1056217617.464939,0.7755102,994653210.9118867,0.7755102,938318675.2770183,0.7755102,886638033.2881192
0.8163265,75008702977.88023,0.8163265,47430299913.51785,0.8163265,32665167152.90036,0.8163265,23868691737.89983,0.8163265,18202240608.27501,0.8163265,14337013740.2373,0.8163265,11582931062.15371,0.8163265,9551753789.073324,0.8163265,8011143479.271543,0.8163265,6815082827.65354,0.8163265,5868063761.005443,0.8163265,5105493435.526548,0.8163265,4482426586.990709,0.8163265,3966811436.988539,0.8163265,3535295467.147873,0.8163265,3170539888.82636,0.8163265,2859453337.806174,0.8163265,2592002212.404004,0.8163265,2360392223.997719,0.8163265,2158494502.510601,0.8163265,1981436201.321719,0.8163265,1825303854.987058,0.8163265,1686925355.351825,0.8163265,1563707609.023738,0.8163265,1453514200.362094,0.8163265,1354572178.858764,0.8163265,1265400309.045056,0.8163265,1184753315.98826,0.8163265,1111578177.419606,0.8163265,1044979577.296752,0.8163265,984192390.2792897,0.8163265,928559608.1670247,0.8163265,877514512.1828855
0.8571429,72126899735.70135,0.8571429,45891655360.30305,0.8571429,31723322113.92075,0.8571429,23241338998.05444,0.8571429,17759725966.80811,0.8571429,14011352768.57303,0.8571429,11335191983.84527,0.8571429,9358180202.562029,0.8571429,7856510317.281965,0.8571429,6689238005.726483,0.8571429,5764010862.429183,0.8571429,5018273990.15801,0.8571429,4408440815.109918,0.8571429,3903390615.606077,0.8571429,3480424366.556073,0.8571429,3122671742.199565,0.8571429,2817383554.636926,0.8571429,2554780359.442048,0.8571429,2327259514.746676,0.8571429,2128838644.960034,0.8571429,1954758279.860256,0.8571429,1801193697.649627,0.8571429,1665042977.010301,0.8571429,1543769067.082712,0.8571429,1435280696.746309,0.8571429,1337841579.03789,0.8571429,1250000480.696488,0.8571429,1170536851.694912,0.8571429,1098418180.189588,0.8571429,1032766269.55223,0.8571429,972830366.2098486,0.8571429,917965592.6799898,0.8571429,867615521.6978476
0.8979592,69272668519.36372,0.8979592,44336363004.4967,0.8979592,30772207390.72418,0.8979592,22611224838.18894,0.8979592,17317642417.84321,0.8979592,13687493983.80586,0.8979592,11089765091.7543,0.8979592,9167033817.223698,0.8979592,7704242227.326663,0.8979592,6565621475.344013,0.8979592,5662023512.574406,0.8979592,4932954420.115792,0.8979592,4336196843.431203,0.8979592,3841565470.251656,0.8979592,3427016069.99678,0.8979592,3076146604.83837,0.8979592,2776549216.057427,0.8979592,2518697508.151999,0.8979592,2295179323.704798,0.8979592,2100157665.790176,0.8979592,1928985415.625109,0.8979592,1777925676.158267,0.8979592,1643945900.487081,0.8979592,1524564367.704979,0.8979592,1417734328.905522,0.8979592,1321755618.295978,0.8979592,1235206532.349035,0.8979592,1156890834.149581,0.8979592,1085796162.944687,0.8979592,1021061127.443851,0.8979592,961949070.7861935,0.8979592,907827004.8058548,0.8979592,858148581.4033738
0.9387755,66592895761.58469,0.9387755,42859821839.24632,0.9387755,29867200833.63861,0.9387755,22011802390.05118,0.9387755,16897452979.71537,0.9387755,13379982160.96453,0.9387755,10856965317.25667,0.9387755,8985907209.697769,0.9387755,7560101870.252913,0.9387755,6448720113.093734,0.9387755,5565671247.872258,0.9387755,4852427057.110741,0.9387755,4268075607.475748,0.9387755,3783323068.370032,0.9387755,3376749015.192564,0.9387755,3032397366.415624,0.9387755,2738185192.297988,0.9387755,2484826896.942757,0.9387755,2265091518.385885,0.9387755,2073280296.885511,0.9387755,1904852905.721848,0.9387755,1756155895.261124,0.9387755,1624222610.252403,0.9387755,1506623862.01022,0.9387755,1401355156.418793,0.9387755,1306750596.108293,0.9387755,1221416481.828195,0.9387755,1144179624.885066,0.9387755,1074046759.851864,0.9387755,1010172414.120931,0.9387755,951833278.6074187,0.9387755,898407618.4251851,0.9387755,849358621.7327744
0.9795918,64111698602.04436,0.9795918,41481470777.54045,0.9795918,29018854903.19189,0.9795918,21448595190.30785,0.9795918,16502087961.77681,0.9795918,13090381935.61328,0.9795918,10637609488.40338,0.9795918,8815192934.165791,0.9795918,7424234590.472628,0.9795918,6338532877.148415,0.9795918,5474865985.47875,0.9795918,4776552650.958994,0.9795918,4203908824.415786,0.9795918,3728479953.129955,0.9795918,3329433323.055194,0.9795918,2991233262.342053,0.9795918,2702103312.847189,0.9795918,2452985095.757001,0.9795918,2236818683.549908,0.9795918,2048035838.684917,0.9795918,1882197089.471055,0.9795918,1735727808.635408,0.9795918,1605723589.059869,0.9795918,1489804874.393908,0.9795918,1386007095.379148,0.9795918,1292696734.664006,0.9795918,1208506554.309183,0.9795918,1132285143.629195,0.9795918,1063057279.514417,0.9795918,999992529.384598,0.9795918,942380194.275795,0.9795918,889609169.7516198,0.9795918,841151651.5214398
1.020408,61811311324.09075,1.020408,40193978192.05298,1.020408,28222224038.8426,1.020408,20917752351.64453,1.020408,16128443997.74648,1.020408,12816152129.34525,1.020408,10429589082.93843,1.020408,8653119682.950094,1.020408,7295135145.921563,1.020408,6233767086.447556,1.020408,5388486945.21557,1.020408,4704351060.167612,1.020408,4142832664.837691,1.020408,3676269453.567914,1.020408,3284384230.036182,1.020408,2952039163.718972,1.020408,2667748109.212529,1.020408,2422668115.34392,1.020408,2209901541.120476,1.020408,2024004080.590885,1.020408,1860632082.790492,1.020408,1716285848.676807,1.020408,1588120172.262217,1.020408,1473802720.087316,1.020408,1371406923.857289,1.020408,1279330096.191413,1.020408,1196230201.18133,1.020408,1120976575.152887,1.020408,1052611187.117556,1.020408,990317938.6919923,1.020408,933398151.3581313,1.020408,881250855.5820385,1.020408,833356835.8670979
1.061224,59665177886.86954,1.061224,38983746176.29488,1.061224,27468952429.38756,1.061224,20413576234.41436,1.061224,15772380097.59088,1.061224,12554147364.9507,1.061224,10230434952.466,1.061224,8497698570.376962,1.061224,7171167866.139132,1.061224,6133054302.91521,1.061224,5305372668.303908,1.061224,4634824342.739801,1.061224,4083980575.167702,1.061224,3625932149.796194,1.061224,3240930801.583654,1.061224,2914218051.731055,1.061224,2634584932.698395,1.061224,2393394411.377621,1.061224,2183904130.173159,1.061224,2000788477.48708,1.061224,1839795651.405183,1.061224,1697497830.605138,1.061224,1571106639.775409,1.061224,1458335106.512222,1.061224,1357293186.623559,1.061224,1266407840.461817,1.061224,1184361279.706107,1.061224,1110042811.055661,1.061224,1042510959.025586,1.061224,980963433.9918548,1.061224,924713141.4098437,1.061224,873168881.8827989,1.061224,825819722.1350253
1.102041,57649267598.27962,1.102041,37838125964.7125,1.102041,26751462176.98231,1.102041,19931067094.85349,1.102041,15430364184.57594,1.102041,12301744843.23581,1.102041,10038124718.86957,1.102041,8347323706.927982,1.102041,7051027257.442376,1.102041,6035312653.229622,1.102041,5224612150.356074,1.102041,4567194946.680418,1.102041,4026681193.108215,1.102041,3576882542.567957,1.102041,3198557941.533271,1.102041,2877313268.491178,1.102041,2602206160.845598,1.102041,2364797906.105074,1.102041,2158495877.193406,1.102041,1978089035.538536,1.102041,1819414326.469499,1.102041,1679113441.976782,1.102041,1554453013.957546,1.102041,1443190009.597985,1.102041,1343469789.682531,1.102041,1253748073.079267,1.102041,1172730606.466168,1.102041,1099326091.320708,1.102041,1032609139.26527,1.102041,971790885.6211426,1.102041,916195503.2605971,1.102041,865241300.2397879,1.102041,818425406.2672629
1.142857,55744670612.67113,1.142857,36747214364.34032,1.142857,26063944246.82455,1.142857,19466474990.80433,1.142857,15099795584.3432,1.142857,12057041938.30081,1.142857,9851208697.813953,1.142857,8200854949.967398,1.142857,6933793650.984212,1.142857,5939784865.345143,1.142857,5145571100.33231,1.142857,4500923902.051588,1.142857,3970470903.095129,1.142857,3528717604.538773,1.142857,3156912059.85391,1.142857,2841012085.397576,1.142857,2570333224.21194,1.142857,2336628876.152927,1.142857,2133451639.188092,1.142857,1955701728.092805,1.142857,1799302355.53389,1.142857,1660962850.799449,1.142857,1538003417.359346,1.142857,1428223851.641822,1.142857,1329804052.191984,1.142857,1241227812.899554,1.142857,1161223872.188996,1.142857,1088719891.128108,1.142857,1022806217.262903,1.142857,962707125.515233,1.142857,907757822.8292646,1.142857,857385932.7358866,1.142857,811096489.0818377
1.183673,53937204483.72803,1.183673,35703741226.32828,1.183673,25402236709.86789,1.183673,19017172205.31092,1.183673,14778885504.95965,1.183673,11818749713.48786,1.183673,9668716824.136589,1.183673,8057536967.921857,1.183673,6818862741.289642,1.183673,5845976680.382965,1.183673,5067837827.951288,1.183673,4435663009.662901,1.183673,3915051355.153025,1.183673,3481178830.170794,1.183673,3115766995.80195,1.183673,2805114956.372895,1.183673,2538788739.129049,1.183673,2308728589.059373,1.183673,2108628528.885128,1.183673,1933497243.786033,1.183673,1779342148.155959,1.183673,1642938656.434599,1.183673,1521659364.144824,1.183673,1413345991.288193,1.183673,1316212272.110706,1.183673,1228769526.479534,1.183673,1149769051.663015,1.183673,1078157124.38728,1.183673,1013039552.934271,1.183673,953653530.1826268,1.183673,899345117.5233332,1.183673,849551107.5439676,1.183673,803784318.2286196
1.22449,52216297223.53487,1.22449,34702460638.28658,1.22449,24763425260.08822,1.22449,18581367443.40612,1.22449,14466442406.05517,1.22449,11586026186.0019,1.22449,9490025673.77927,1.22449,7916890895.250715,1.22449,6705855727.332796,1.22449,5753581195.802828,1.22449,4991158717.852677,1.22449,4371199190.972047,1.22449,3860240999.473228,1.22449,3434109663.577057,1.22449,3074986336.753894,1.22449,2769501938.535462,1.22449,2507466400.811602,1.22449,2281002160.970508,1.22449,2083941322.913214,1.22449,1911398604.302258,1.22449,1759463820.13693,1.22449,1624977123.322314,1.22449,1505362483.454338,1.22449,1398502766.851421,1.22449,1302644944.511891,1.22449,1216327396.800749,1.22449,1138323615.230699,1.22449,1067598204.524485,1.22449,1003272205.209197,1.22449,944595545.4924415,1.22449,890924994.3918065,1.22449,841706394.8790826,1.22449,796460252.6710858
1.265306,50573926516.70578,1.265306,33739545272.52219,1.265306,24145458473.67457,1.265306,18157841295.8824,1.265306,14161679600.81493,1.265306,11358330450.0419,1.265306,9314744257.422626,1.265306,7778622615.226694,1.265306,6594544113.615516,1.265306,5662416140.111107,1.265306,4915385144.343561,1.265306,4307409000.872238,1.265306,3805935689.852625,1.265306,3387421056.510923,1.265306,3034493058.825201,1.265306,2734105735.516638,1.265306,2476306891.600663,1.265306,2253396899.060756,1.265306,2059342889.431166,1.265306,1889363391.578183,1.265306,1739628984.316924,1.265306,1607043338.734669,1.265306,1489080878.991703,1.265306,1383664918.074565,1.265306,1289075126.604889,1.265306,1203876529.693899,1.265306,1126864488.863666,1.265306,1057021682.210958,1.265306,993484181.2705897,1.265306,935514489.5944723,1.265306,882479955.9459034,1.265306,833835370.9490652,1.265306,789108845.1442913
1.306122,49003812041.04516,1.306122,32812118563.79132,1.306122,23546854143.90302,1.306122,17745747249.98759,1.306122,13864072272.85658,1.306122,11135315281.67705,1.306122,9142630553.356169,1.306122,7642556114.271612,1.306122,6484795320.278932,1.306122,5572378676.958495,1.306122,4840435342.30982,1.306122,4244226043.142349,1.306122,3752080526.534953,1.306122,3341066900.824818,1.306122,2994247908.74649,1.306122,2698892531.386222,1.306122,2445280774.845212,1.306122,2225886942.215815,1.306122,2034810322.562893,1.306122,1867371169.342319,1.306122,1719819288.842133,1.306122,1589120726.071221,1.306122,1472799498.555757,1.306122,1368818711.578189,1.306122,1275490233.810186,1.306122,1191405347.572824,1.306122,1115380982.770529,1.306122,1046417654.529983,1.306122,983666279.0585042,1.306122,926401787.5122385,1.306122,874001990.6537035,1.306122,825930532.4727998,1.306122,781723052.5066546
1.346939,47500855119.63846,1.346939,31917929278.33207,1.346939,22966496524.94097,1.346939,17344475370.80429,1.346939,13573260129.35183,1.346939,10916754361.71809,1.346939,8973535145.139212,1.346939,7508588601.548287,1.346939,6376536135.142764,1.346939,5483415088.20984,1.346939,4766268867.352361,1.346939,4181619170.651607,1.346939,3698651037.597576,1.346939,3295027623.274036,1.346939,2954234979.086045,1.346939,2663849210.478678,1.346939,2414377094.993127,1.346939,2198463030.543821,1.346939,2010335711.149456,1.346939,1845415112.276822,1.346939,1700028792.378565,1.346939,1571204071.093219,1.346939,1456513731.686094,1.346939,1353960042.734138,1.346939,1261886588.777329,1.346939,1178910536.788637,1.346939,1103870095.111791,1.346939,1035783388.75773,1.346939,973815999.5755504,1.346939,917255144.4333732,1.346939,865488983.0640206,1.346939,817989922.3698423,1.346939,774301058.1942863
1.387755,46060768057.35216,1.387755,31055137327.73529,1.387755,22403503800.96387,1.387755,16953563682.21615,1.387755,13288984356.98746,1.387755,10702495265.48206,1.387755,8807364879.619625,1.387755,7376661607.207825,1.387755,6269729199.652521,1.387755,5395501282.34674,1.387755,4692870184.270964,1.387755,4119578483.029799,1.387755,3645641095.539507,1.387755,3249299654.640125,1.387755,2914452450.746012,1.387755,2628975156.916276,1.387755,2383596063.947401,1.387755,2171125942.882411,1.387755,1985920217.940825,1.387755,1823496637.625232,1.387755,1680259074.626691,1.387755,1553295050.275914,1.387755,1440225304.706837,1.387755,1339090654.246846,1.387755,1248265926.843926,1.387755,1166393808.626626,1.387755,1092333501.586236,1.387755,1025120517.240803,1.387755,963934926.8110616,1.387755,908076093.0063529,1.387755,856942412.9776126,1.387755,810014967.159757,1.387755,766844235.785908
1.428571,44679834458.6039,1.428571,30222177025.33038,1.428571,21857144184.86251,1.428571,16572642353.99731,1.428571,13011048034.61405,1.428571,10492429992.6956,1.428571,8644060105.058893,1.428571,7246742888.680344,1.428571,6164358290.914188,1.428571,5308630594.730719,1.428571,4620238394.643375,1.428571,4058106561.36061,1.428571,3593055352.24647,1.428571,3203888835.772251,1.428571,2874906795.498129,1.428571,2594277118.364207,1.428571,2352944479.631531,1.428571,2143882385.344238,1.428571,1961570369.679979,1.428571,1801622040.998332,1.428571,1660516171.882613,1.428571,1535399427.933787,1.428571,1423939707.427154,1.428571,1324215765.43598,1.428571,1234633204.966874,1.428571,1153859868.27846,1.428571,1080775667.582029,1.428571,1014433278.146443,1.428571,954027084.4203078,1.428571,898868454.8861818,1.428571,848365912.1577189,1.428571,802009120.2942909,1.428571,759355871.4042238
1.469388,43354755307.22114,1.469388,29417671136.213,1.469388,21326783790.81299,1.469388,16201399238.67226,1.469388,12739291763.55627,1.469388,10286476850.07571,1.469388,8483580683.31177,1.469388,7118815310.44734,1.469388,6060419272.909089,1.469388,5222806283.412765,1.469388,4548380914.768955,1.469388,3997213070.709664,1.469388,3540904578.12267,1.469388,3158806352.922967,1.469388,2835609200.566375,1.469388,2559766036.963482,1.469388,2322432898.04346,1.469388,2116742452.470494,1.469388,1937295765.367672,1.469388,1779800417.492351,1.469388,1640808682.785614,1.469388,1517525323.137603,1.469388,1407664601.569786,1.469388,1309342605.581789,1.469388,1220995245.88016,1.469388,1141315157.749085,1.469388,1069202679.454761,1.469388,1003727426.135438,1.469388,944097917.9890882,1.469388,889637387.77545,1.469388,839764370.1690617,1.469388,793977021.5280648,1.469388,751840371.9615061
1.510204,42082542071.64508,1.510204,28640372577.49515,1.510204,20811851683.14997,1.510204,15839556920.08968,1.510204,12473577512.57473,1.510204,10084568483.41741,1.510204,8325896777.203787,1.510204,6992869539.267712,1.510204,5957914166.63053,1.510204,5138036622.34806,1.510204,4477309350.340909,1.510204,3936911244.922219,1.510204,3489202632.122488,1.510204,3114066099.870111,1.510204,2796573251.980492,1.510204,2525454999.072501,1.510204,2292073806.287643,1.510204,2089717989.227813,1.510204,1913107599.554219,1.510204,1758042323.728889,1.510204,1621146550.553493,1.510204,1499682096.742893,1.510204,1391408799.701799,1.510204,1294479473.888695,1.510204,1207359869.863351,1.510204,1128767051.54619,1.510204,1057621497.362742,1.510204,993009536.4891372,1.510204,934153645.3686314,1.510204,880388777.53122,1.510204,831143364.36905,1.510204,785923961.3727467,1.510204,744302761.0540833
1.55102,40860488581.74817,1.55102,27889153096.23487,1.55102,20311834474.82097,1.55102,15486869528.70717,1.55102,12213786375.34737,1.55102,9886650104.479712,1.55102,8170987353.606977,1.55102,6868902735.11444,1.55102,5856849983.062017,1.55102,5054333849.293426,1.55102,4407038541.173764,1.55102,3877217014.842684,1.55102,3437965663.017926,1.55102,3069683943.677531,1.55102,2757814257.636237,1.55102,2491358609.476789,1.55102,2261881042.621045,1.55102,2062822052.266804,1.55102,1889018160.765702,1.55102,1736359309.895167,1.55102,1601540625.503949,1.55102,1481879941.621608,1.55102,1375181880.71871,1.55102,1279635378.035724,1.55102,1193735554.408732,1.55102,1116223535.720928,1.55102,1046039652.118986,1.55102,982286718.3691274,1.55102,924200985.0790539,1.55102,871128980.5716101,1.55102,822508915.2857988,1.55102,777855648.5114661,1.55102,736748457.5638821
1.591837,39686052311.81163,1.591837,27162936550.93172,1.591837,19826235489.37135,1.591837,15143095820.50358,1.591837,11959799794.51037,1.591837,9692665822.015043,1.591837,8018829892.599861,1.591837,6746910590.952305,1.591837,5757232426.402421,1.591837,4971709090.062063,1.591837,4337582403.160048,1.591837,3818145554.125252,1.591837,3387209204.604821,1.591837,3025675255.393551,1.591837,2719347127.938361,1.591837,2457491156.676104,1.591837,2231868195.812496,1.591837,2036067503.675543,1.591837,1865039588.152009,1.591837,1714762814.010985,1.591837,1582001676.459717,1.591837,1464128994.460541,1.591837,1358993388.232306,1.591837,1264819307.687186,1.591837,1180130773.262338,1.591837,1103692604.361716,1.591837,1034464692.294115,1.591837,971566106.6977917,1.591837,914246687.9719778,1.591837,861864391.0194067,1.591837,813867085.5221568,1.591837,769777837.2304541,1.591837,729182928.7969959
1.632653,38556897972.87376,1.632653,26460729823.58645,1.632653,19354595774.07782,1.632653,14808013627.57883,1.632653,11711509732.13837,1.632653,9502565974.573654,1.632653,7869405793.390945,1.632653,6626891397.946334,1.632653,5659069004.896696,1.632653,4890174775.773005,1.632653,4268955832.003059,1.632653,3759712796.370332,1.632653,3336949397.414423,1.632653,2982055902.959138,1.632653,2681187189.350414,1.632653,2423867284.294563,1.632653,2202049162.791059,1.632653,2009467476.758501,1.632653,1841184262.467417,1.632653,1693264491.554077,1.632653,1562540669.701038,1.632653,1446439572.600621,1.632653,1342853032.208545,1.632653,1250040406.550351,1.632653,1166554143.503318,1.632653,1091182385.486059,1.632653,1022904292.061229,1.632653,960854954.5721253,1.632653,904297616.4031414,1.632653,852601508.4752531,1.632653,805224037.6853635,1.632653,761696376.8250153,1.632653,721611732.4899013
1.673469,37470837666.56007,1.673469,25781590677.30545,1.673469,18896474895.30122,1.673469,14481407370.07675,1.673469,11468810030.83119,1.673469,9316300873.499573,1.673469,7722695679.571892,1.673469,6508842422.48276,1.673469,5562366169.882921,1.673469,4809742339.747663,1.673469,4201172818.574188,1.673469,3701933870.960717,1.673469,3287201674.421201,1.673469,2938841134.805893,1.673469,2643349226.891487,1.673469,2390501162.742527,1.673469,2172437426.464195,1.673469,1983034741.970119,1.673469,1817464245.805202,1.673469,1671875717.515138,1.673469,1543168324.042418,1.673469,1428821774.535753,1.673469,1326770328.625925,1.673469,1235307645.99298,1.673469,1153014128.771648,1.673469,1078700870.217461,1.673469,1011366003.221277,1.673469,950160405.4962867,1.673469,894360534.4101316,1.673469,843346744.1936923,1.673469,796585854.8778105,1.673469,753617044.9426067,1.673469,714040361.7292557
1.714286,36425821178.48778,1.714286,25124625502.69474,1.714286,18451450599.83055,1.714286,14163068172.07919,1.714286,11231596592.89566,1.714286,9133820947.097225,1.714286,7578679492.493601,1.714286,6392759954.964539,1.714286,5467129330.331164,1.714286,4730422207.209753,1.714286,4134246421.217496,1.714286,3644823063.536405,1.714286,3237980713.744527,1.714286,2896045527.702677,1.714286,2605847429.210836,1.714286,2357406432.996658,1.714286,2143045999.243596,1.714286,1956781650.911953,1.714286,1793891226.564676,1.714286,1650607532.669667,1.714286,1523895058.62609,1.714286,1411285429.359688,1.714286,1310754550.646332,1.714286,1220629777.964978,1.714286,1139518993.936337,1.714286,1066255869.174174,1.714286,999857213.2713721,1.714286,939489453.0785308,1.714286,884442068.9806685,1.714286,834106383.8618371,1.714286,787958504.9234031,1.714286,745545513.1938511,1.714286,706474211.8852282
1.755102,35419922409.07661,1.755102,24488984340.61121,1.755102,18019116639.45601,1.755102,13852792727.72009,1.755102,10999766690.54107,1.755102,8955076266.425879,1.755102,7437336135.054887,1.755102,6278639025.456934,1.755102,5373362616.393966,1.755102,4652223593.175818,1.755102,4068188589.663594,1.755102,3588393660.462508,1.755102,3189300299.85355,1.755102,2853682861.901211,1.755102,2568695275.544453,1.755102,2324596103.695457,1.755102,2113887328.935489,1.755102,1930720049.916648,1.755102,1770476439.813289,1.755102,1629470569.947773,1.755102,1504730924.644728,1.755102,1393840033.280433,1.755102,1294814669.436733,1.755102,1206015279.706604,1.755102,1126076753.322706,1.755102,1053854963.89304,1.755102,988385099.7408879,1.755102,928848898.0278844,1.755102,874548669.4862534,1.755102,824886549.270649,1.755102,779347804.0981685,1.755102,737487312.7825264,1.755102,698918547.9968987
1.795918,34451328273.00636,1.795918,23873857056.88908,1.795918,17599081236.59697,1.795918,13550382577.28385,1.795918,10773218564.13641,1.795918,8780016286.456461,1.795918,7298643283.468072,1.795918,6166473254.391965,1.795918,5281068754.064051,1.795918,4575154393.409242,1.795918,4003010068.042018,1.795918,3532657861.351571,1.795918,3141173243.936031,1.795918,2811766048.180403,1.795918,2531905468.5569,1.795918,2292082489.08662,1.795918,2084973241.227906,1.795918,1904861226.600408,1.795918,1747230617.498585,1.795918,1608475007.954185,1.795918,1485685561.862267,1.795918,1376494708.87135,1.795918,1278959315.911064,1.795918,1191472317.768212,1.795918,1112695136.81995,1.795918,1041505474.854764,1.795918,976956599.9817551,1.795918,918245319.5720527,1.795918,864686580.6037334,1.795918,815693172.6280882,1.795918,770759392.7334499,1.795918,729447811.3066204,1.795918,691378482.6873794
1.836735,33518329360.84918,1.836735,23278470283.39752,1.836735,17190965958.0419,1.836735,13255643638.83797,1.836735,10551851198.83199,1.836735,8608589720.715574,1.836735,7162577303.598989,1.836735,6056254787.823443,1.836735,5190249009.785242,1.836735,4499221134.282144,1.836735,3938720348.20645,1.836735,3477626735.062583,1.836735,3093611342.209574,1.836735,2770307088.28707,1.836735,2495489896.798307,1.836735,2259877173.410685,1.836735,2056314905.916261,1.836735,1879215877.844798,1.836735,1724163958.098398,1.836735,1587630542.19788,1.836735,1466768171.334225,1.836735,1359258179.195078,1.836735,1263196756.173315,1.836735,1177008724.691531,1.836735,1099381567.72357,1.836735,1029214440.414726,1.836735,965578391.1191659,1.836735,907685056.3638737,1.836735,854861824.1175642,1.836735,806531979.2013129,1.836735,762198718.6460313,1.836735,721432196.9280097,1.836735,683858961.028054
1.877551,32619311897.77681,1.877551,22702084880.3777,1.877551,16794404851.01232,1.877551,12968385899.32928,1.877551,10335564211.47296,1.877551,8440744498.654645,1.877551,7029113232.588895,1.877551,5947974285.93805,1.877551,5100903179.523219,1.877551,4424428960.392056,1.877551,3875327655.549737,1.877551,3423310203.962571,1.877551,3046625359.042464,1.877551,2729317057.325686,1.877551,2459459616.712979,1.877551,2227990992.806543,1.877551,2027922818.917474,1.877551,1853794092.075287,1.877551,1701286109.274905,1.877551,1566946368.198019,1.877551,1447987499.015394,1.877551,1342138751.942781,1.877551,1247534876.203288,1.877551,1162631984.245929,1.877551,1086143148.518223,1.877551,1016988603.122755,1.877551,954256876.8946939,1.877551,897174193.8315399,1.877551,845080186.7591919,1.877551,797408475.6262791,1.877551,753671025.898582,1.877551,713445467.5642916,1.877551,676364750.1426029
1.918367,31752750717.07011,1.918367,22143993781.92126,1.918367,16409043761.49897,1.918367,12688423212.43074,1.918367,10124257810.07183,1.918367,8276427777.221493,1.918367,6898224803.373857,1.918367,5841620946.768142,1.918367,5013029607.424346,1.918367,4350781647.474635,1.918367,3812838956.724591,1.918367,3369717047.352752,1.918367,3000225026.983439,1.918367,2688806101.175285,1.918367,2423824848.08744,1.918367,2196434029.304291,1.918367,1999806795.210276,1.918367,1828605341.461611,1.918367,1678606159.576232,1.918367,1546431172.871851,1.918367,1429351826.975398,1.918367,1325144310.584963,1.918367,1231981173.02398,1.918367,1148349222.67332,1.918367,1072986652.245374,1.918367,1004834401.246588,1.918367,942998179.3691921,1.918367,886718556.0772291,1.918367,835347212.3120873,1.918367,788327942.225516,1.918367,745181347.3331443,1.918367,705492423.6384473,1.918367,668900432.1713116
1.959184,30917203015.5237,1.959184,21603520110.25604,1.959184,16034539769.29495,1.959184,12415573160.76096,1.959184,9917832796.159445,1.959184,8115585984.680114,1.959184,6769884495.216104,1.959184,5737182551.731945,1.959184,4926625223.220412,1.959184,4278281631.6552,1.959184,3751259981.752727,1.959184,3316854917.665143,1.959184,2954419058.198575,1.959184,2648783444.151796,1.959184,2388594978.745316,1.959184,2165215613.200164,1.959184,1971975969.404402,1.959184,1803658481.087387,1.959184,1656132636.526602,1.959184,1526093131.797708,1.959184,1410868970.03355,1.959184,1308282310.535137,1.959184,1216542750.518112,1.959184,1134167204.255683,1.959184,1059918517.899392,1.959184,992757964.0579127,1.959184,931808134.1472734,1.959184,876323701.0782813,1.959184,825668196.8196977,1.959184,779295428.2464086,1.959184,736734499.85807,1.959184,697577663.4285347,1.959184,661470399.694298
2,30111302761.76338,2,21080015505.0268,2,15670560710.81917,2,12149656963.74518,2,9716190596.439741,2,7958164886.193788,2,6644063601.833712,2,5634645526.076474,2,4841685592.576318,2,4206930050.107354,2,3690595256.282453,2,3264730365.74886,2,2909215164.092825,2,2609257404.073097,2,2353778575.964454,2,2134344331.558185,2,1944438801.91261,2,1778961753.259671,2,1633873509.445946,2,1505939910.842038,2,1392546276.431196,2,1291559779.058436,2,1201226318.72657,2,1120092330.127211,2,1046944848.853669,2,980765109.9537936,2,920692288.2601404,2,865994918.3853327,2,816048186.1428608,2,770315749.3138034,2,728335081.8252238,2,689705580.393538,2,654078853.0256753
